Date,CDX HY 5Y_HYG_IEI,CDX EM 5Y_EMB_IEF,CDX IG 5Y_VCIT_IEF
2021-04-19,"[0.88, -0.53]","[0.47, -0.53]","[0.34, -0.32]"
2021-04-20,"[0.87, -0.53]","[0.47, -0.53]","[0.34, -0.32]"
2021-04-21,"[0.88, -0.53]","[0.47, -0.53]","[0.34, -0.32]"
2021-04-22,"[0.87, -0.53]","[0.47, -0.53]","[0.34, -0.32]"
2021-04-23,"[0.88, -0.53]","[0.47, -0.53]","[0.34, -0.32]"
2021-04-26,"[0.88, -0.53]","[0.47, -0.53]","[0.33, -0.32]"
2021-04-27,"[0.88, -0.53]","[0.47, -0.53]","[0.33, -0.32]"
2021-04-28,"[0.88, -0.53]","[0.47, -0.53]","[0.33, -0.32]"
2021-04-29,"[0.88, -0.53]","[0.47, -0.53]","[0.33, -0.32]"
2021-04-30,"[0.88, -0.53]","[0.47, -0.53]","[0.33, -0.32]"
2021-05-04,"[0.88, -0.53]","[0.47, -0.53]","[0.33, -0.32]"
2021-05-05,"[0.88, -0.53]","[0.47, -0.53]","[0.33, -0.32]"
2021-05-06,"[0.88, -0.53]","[0.48, -0.53]","[0.33, -0.32]"
2021-05-07,"[0.88, -0.53]","[0.48, -0.53]","[0.33, -0.32]"
2021-05-10,"[0.88, -0.53]","[0.48, -0.53]","[0.33, -0.32]"
2021-05-11,"[0.88, -0.53]","[0.48, -0.53]","[0.33, -0.32]"
2021-05-12,"[0.88, -0.53]","[0.48, -0.53]","[0.33, -0.32]"
2021-05-13,"[0.88, -0.53]","[0.48, -0.53]","[0.33, -0.32]"
2021-05-14,"[0.88, -0.53]","[0.48, -0.53]","[0.33, -0.32]"
2021-05-17,"[0.88, -0.53]","[0.48, -0.53]","[0.33, -0.32]"
2021-05-18,"[0.88, -0.53]","[0.48, -0.53]","[0.33, -0.32]"
2021-05-19,"[0.88, -0.53]","[0.48, -0.53]","[0.33, -0.32]"
2021-05-20,"[0.88, -0.53]","[0.48, -0.53]","[0.33, -0.32]"
2021-05-21,"[0.88, -0.53]","[0.48, -0.53]","[0.33, -0.32]"
2021-05-24,"[0.88, -0.53]","[0.48, -0.53]","[0.33, -0.32]"
2021-05-25,"[0.88, -0.53]","[0.48, -0.53]","[0.33, -0.32]"
2021-05-26,"[0.88, -0.53]","[0.48, -0.53]","[0.33, -0.32]"
2021-05-27,"[0.88, -0.53]","[0.48, -0.53]","[0.33, -0.32]"
2021-05-28,"[0.88, -0.53]","[0.48, -0.53]","[0.33, -0.32]"
2021-05-31,"[0.88, -0.53]","[0.48, -0.53]","[0.33, -0.32]"
2021-06-01,"[0.88, -0.53]","[0.48, -0.53]","[0.33, -0.31]"
2021-06-02,"[0.88, -0.53]","[0.48, -0.53]","[0.33, -0.31]"
2021-06-03,"[0.88, -0.53]","[0.48, -0.53]","[0.33, -0.31]"
2021-06-04,"[0.88, -0.53]","[0.48, -0.53]","[0.33, -0.31]"
2021-06-07,"[0.88, -0.53]","[0.49, -0.53]","[0.33, -0.31]"
2021-06-08,"[0.88, -0.53]","[0.49, -0.53]","[0.33, -0.31]"
2021-06-09,"[0.88, -0.53]","[0.49, -0.53]","[0.33, -0.31]"
2021-06-10,"[0.88, -0.53]","[0.49, -0.53]","[0.33, -0.31]"
2021-06-11,"[0.88, -0.53]","[0.49, -0.53]","[0.33, -0.31]"
2021-06-14,"[0.88, -0.53]","[0.49, -0.53]","[0.33, -0.31]"
2021-06-15,"[0.88, -0.53]","[0.49, -0.53]","[0.33, -0.31]"
2021-06-16,"[0.88, -0.53]","[0.49, -0.53]","[0.33, -0.31]"
2021-06-17,"[0.88, -0.53]","[0.49, -0.53]","[0.33, -0.31]"
2021-06-18,"[0.88, -0.53]","[0.49, -0.53]","[0.33, -0.31]"
2021-06-21,"[0.88, -0.53]","[0.49, -0.53]","[0.33, -0.31]"
2021-06-22,"[0.88, -0.53]","[0.49, -0.53]","[0.33, -0.31]"
2021-06-23,"[0.88, -0.53]","[0.49, -0.53]","[0.33, -0.31]"
2021-06-24,"[0.88, -0.53]","[0.49, -0.53]","[0.33, -0.31]"
2021-06-25,"[0.88, -0.53]","[0.49, -0.53]","[0.33, -0.31]"
2021-06-28,"[0.88, -0.53]","[0.49, -0.53]","[0.32, -0.31]"
2021-06-29,"[0.88, -0.53]","[0.49, -0.53]","[0.32, -0.31]"
2021-06-30,"[0.88, -0.53]","[0.49, -0.53]","[0.32, -0.31]"
2021-07-01,"[0.88, -0.53]","[0.49, -0.53]","[0.32, -0.31]"
2021-07-02,"[0.88, -0.53]","[0.49, -0.53]","[0.32, -0.31]"
2021-07-06,"[0.88, -0.53]","[0.49, -0.53]","[0.32, -0.31]"
2021-07-07,"[0.88, -0.53]","[0.49, -0.53]","[0.32, -0.31]"
2021-07-08,"[0.88, -0.53]","[0.49, -0.53]","[0.32, -0.31]"
2021-07-09,"[0.88, -0.53]","[0.49, -0.53]","[0.32, -0.31]"
2021-07-12,"[0.88, -0.53]","[0.49, -0.53]","[0.32, -0.31]"
2021-07-13,"[0.88, -0.53]","[0.49, -0.53]","[0.32, -0.31]"
2021-07-14,"[0.88, -0.53]","[0.49, -0.53]","[0.32, -0.31]"
2021-07-15,"[0.88, -0.53]","[0.49, -0.53]","[0.32, -0.31]"
2021-07-16,"[0.88, -0.53]","[0.49, -0.53]","[0.32, -0.31]"
2021-07-19,"[0.87, -0.54]","[0.49, -0.53]","[0.32, -0.3]"
2021-07-20,"[0.87, -0.54]","[0.49, -0.53]","[0.32, -0.3]"
2021-07-21,"[0.88, -0.53]","[0.49, -0.53]","[0.32, -0.3]"
2021-07-22,"[0.88, -0.53]","[0.49, -0.53]","[0.32, -0.3]"
2021-07-23,"[0.88, -0.53]","[0.49, -0.53]","[0.32, -0.3]"
2021-07-26,"[0.88, -0.53]","[0.49, -0.53]","[0.32, -0.3]"
2021-07-27,"[0.88, -0.53]","[0.49, -0.53]","[0.32, -0.3]"
2021-07-28,"[0.88, -0.53]","[0.49, -0.53]","[0.32, -0.3]"
2021-07-29,"[0.88, -0.53]","[0.49, -0.53]","[0.32, -0.3]"
2021-07-30,"[0.88, -0.53]","[0.49, -0.53]","[0.32, -0.3]"
2021-07-31,"[0.88, -0.53]","[0.49, -0.53]","[0.32, -0.3]"
2021-08-02,"[0.87, -0.53]","[0.49, -0.53]","[0.32, -0.3]"
2021-08-03,"[0.88, -0.53]","[0.49, -0.53]","[0.32, -0.3]"
2021-08-04,"[0.87, -0.53]","[0.49, -0.53]","[0.32, -0.3]"
2021-08-05,"[0.88, -0.53]","[0.49, -0.53]","[0.32, -0.3]"
2021-08-06,"[0.88, -0.53]","[0.49, -0.53]","[0.32, -0.3]"
2021-08-09,"[0.88, -0.53]","[0.5, -0.53]","[0.32, -0.3]"
2021-08-10,"[0.88, -0.53]","[0.5, -0.53]","[0.32, -0.3]"
2021-08-11,"[0.88, -0.53]","[0.5, -0.53]","[0.32, -0.3]"
2021-08-12,"[0.88, -0.53]","[0.5, -0.53]","[0.32, -0.3]"
2021-08-13,"[0.88, -0.53]","[0.5, -0.53]","[0.32, -0.3]"
2021-08-16,"[0.88, -0.53]","[0.5, -0.53]","[0.32, -0.3]"
2021-08-17,"[0.88, -0.53]","[0.5, -0.53]","[0.32, -0.3]"
2021-08-18,"[0.88, -0.53]","[0.5, -0.53]","[0.32, -0.3]"
2021-08-19,"[0.88, -0.53]","[0.5, -0.53]","[0.32, -0.3]"
2021-08-20,"[0.88, -0.53]","[0.5, -0.53]","[0.32, -0.3]"
2021-08-23,"[0.88, -0.53]","[0.5, -0.53]","[0.32, -0.3]"
2021-08-24,"[0.88, -0.53]","[0.5, -0.53]","[0.32, -0.3]"
2021-08-25,"[0.88, -0.53]","[0.5, -0.53]","[0.32, -0.3]"
2021-08-26,"[0.88, -0.53]","[0.5, -0.53]","[0.32, -0.3]"
2021-08-27,"[0.88, -0.53]","[0.5, -0.53]","[0.32, -0.3]"
2021-08-31,"[0.88, -0.53]","[0.5, -0.53]","[0.32, -0.3]"
2021-09-01,"[0.88, -0.53]","[0.5, -0.53]","[0.32, -0.3]"
2021-09-02,"[0.88, -0.53]","[0.5, -0.53]","[0.32, -0.3]"
2021-09-03,"[0.88, -0.53]","[0.5, -0.53]","[0.32, -0.3]"
2021-09-07,"[0.88, -0.53]","[0.5, -0.52]","[0.32, -0.3]"
2021-09-08,"[0.88, -0.53]","[0.5, -0.52]","[0.32, -0.3]"
2021-09-09,"[0.88, -0.53]","[0.5, -0.52]","[0.32, -0.3]"
2021-09-10,"[0.88, -0.53]","[0.5, -0.52]","[0.32, -0.3]"
2021-09-13,"[0.88, -0.53]","[0.5, -0.52]","[0.32, -0.3]"
2021-09-14,"[0.88, -0.53]","[0.5, -0.52]","[0.32, -0.3]"
2021-09-15,"[0.88, -0.53]","[0.5, -0.52]","[0.32, -0.3]"
2021-09-16,"[0.88, -0.53]","[0.5, -0.52]","[0.32, -0.3]"
2021-09-17,"[0.88, -0.53]","[0.5, -0.52]","[0.32, -0.3]"
2021-09-20,"[0.88, -0.53]","[0.5, -0.52]","[0.32, -0.3]"
2021-09-21,"[0.88, -0.53]","[0.5, -0.52]","[0.32, -0.3]"
2021-09-22,"[0.88, -0.53]","[0.5, -0.52]","[0.32, -0.3]"
2021-09-23,"[0.88, -0.53]","[0.5, -0.52]","[0.32, -0.3]"
2021-09-24,"[0.88, -0.53]","[0.5, -0.52]","[0.32, -0.3]"
2021-09-27,"[0.88, -0.53]","[0.5, -0.52]","[0.32, -0.3]"
2021-09-28,"[0.88, -0.53]","[0.5, -0.52]","[0.32, -0.3]"
2021-09-29,"[0.88, -0.53]","[0.5, -0.52]","[0.32, -0.3]"
2021-09-30,"[0.88, -0.53]","[0.5, -0.52]","[0.32, -0.3]"
2021-10-01,"[0.88, -0.53]","[0.5, -0.52]","[0.32, -0.3]"
2021-10-04,"[0.89, -0.53]","[0.5, -0.52]","[0.32, -0.3]"
2021-10-05,"[0.89, -0.53]","[0.5, -0.52]","[0.32, -0.3]"
2021-10-06,"[0.89, -0.53]","[0.5, -0.52]","[0.32, -0.3]"
2021-10-07,"[0.89, -0.53]","[0.5, -0.52]","[0.32, -0.3]"
2021-10-08,"[0.89, -0.53]","[0.5, -0.52]","[0.32, -0.3]"
2021-10-12,"[0.89, -0.53]","[0.5, -0.52]","[0.32, -0.3]"
2021-10-13,"[0.89, -0.53]","[0.5, -0.52]","[0.32, -0.3]"
2021-10-14,"[0.89, -0.53]","[0.5, -0.52]","[0.32, -0.3]"
2021-10-15,"[0.89, -0.53]","[0.5, -0.52]","[0.32, -0.3]"
2021-10-18,"[0.89, -0.53]","[0.5, -0.52]","[0.32, -0.3]"
2021-10-19,"[0.89, -0.53]","[0.5, -0.52]","[0.32, -0.3]"
2021-10-20,"[0.89, -0.53]","[0.5, -0.52]","[0.32, -0.3]"
2021-10-21,"[0.89, -0.53]","[0.5, -0.52]","[0.32, -0.3]"
2021-10-22,"[0.89, -0.53]","[0.5, -0.52]","[0.32, -0.3]"
2021-10-25,"[0.89, -0.53]","[0.5, -0.51]","[0.32, -0.3]"
2021-10-26,"[0.89, -0.53]","[0.5, -0.51]","[0.32, -0.3]"
2021-10-27,"[0.89, -0.53]","[0.5, -0.51]","[0.32, -0.3]"
2021-10-28,"[0.89, -0.53]","[0.5, -0.51]","[0.32, -0.3]"
2021-10-29,"[0.89, -0.53]","[0.5, -0.51]","[0.32, -0.3]"
2021-10-31,"[0.89, -0.53]","[0.5, -0.51]","[0.32, -0.3]"
2021-11-01,"[0.89, -0.53]","[0.5, -0.51]","[0.32, -0.3]"
2021-11-02,"[0.89, -0.53]","[0.5, -0.51]","[0.32, -0.3]"
2021-11-03,"[0.9, -0.53]","[0.5, -0.51]","[0.32, -0.3]"
2021-11-04,"[0.9, -0.53]","[0.5, -0.51]","[0.32, -0.3]"
2021-11-05,"[0.9, -0.53]","[0.5, -0.51]","[0.32, -0.3]"
2021-11-08,"[0.9, -0.53]","[0.5, -0.51]","[0.32, -0.3]"
2021-11-09,"[0.9, -0.53]","[0.5, -0.51]","[0.32, -0.3]"
2021-11-10,"[0.9, -0.53]","[0.5, -0.51]","[0.32, -0.3]"
2021-11-11,"[0.9, -0.53]","[0.5, -0.51]","[0.32, -0.3]"
2021-11-12,"[0.9, -0.53]","[0.5, -0.51]","[0.32, -0.3]"
2021-11-15,"[0.9, -0.53]","[0.5, -0.51]","[0.32, -0.3]"
2021-11-16,"[0.9, -0.53]","[0.5, -0.51]","[0.32, -0.3]"
2021-11-17,"[0.9, -0.53]","[0.5, -0.51]","[0.32, -0.3]"
2021-11-18,"[0.9, -0.53]","[0.5, -0.51]","[0.32, -0.3]"
2021-11-19,"[0.9, -0.53]","[0.5, -0.51]","[0.32, -0.3]"
2021-11-22,"[0.91, -0.53]","[0.51, -0.51]","[0.32, -0.3]"
2021-11-23,"[0.91, -0.53]","[0.51, -0.51]","[0.32, -0.3]"
2021-11-24,"[0.91, -0.53]","[0.51, -0.51]","[0.32, -0.3]"
2021-11-25,"[0.91, -0.53]","[0.51, -0.51]","[0.32, -0.3]"
2021-11-26,"[0.91, -0.53]","[0.51, -0.51]","[0.32, -0.3]"
2021-11-29,"[0.91, -0.53]","[0.51, -0.51]","[0.32, -0.3]"
2021-11-30,"[0.91, -0.53]","[0.51, -0.51]","[0.32, -0.3]"
2021-12-01,"[0.91, -0.53]","[0.51, -0.51]","[0.32, -0.3]"
2021-12-02,"[0.9, -0.53]","[0.51, -0.51]","[0.32, -0.3]"
2021-12-03,"[0.91, -0.53]","[0.51, -0.51]","[0.32, -0.3]"
2021-12-06,"[0.91, -0.53]","[0.51, -0.51]","[0.33, -0.3]"
2021-12-07,"[0.91, -0.53]","[0.51, -0.51]","[0.33, -0.3]"
2021-12-08,"[0.91, -0.53]","[0.51, -0.51]","[0.33, -0.3]"
2021-12-09,"[0.91, -0.53]","[0.51, -0.51]","[0.33, -0.3]"
2021-12-10,"[0.91, -0.53]","[0.51, -0.51]","[0.33, -0.3]"
2021-12-13,"[0.91, -0.54]","[0.51, -0.51]","[0.33, -0.3]"
2021-12-14,"[0.91, -0.54]","[0.51, -0.51]","[0.33, -0.3]"
2021-12-15,"[0.91, -0.54]","[0.51, -0.51]","[0.33, -0.3]"
2021-12-16,"[0.91, -0.54]","[0.51, -0.51]","[0.33, -0.3]"
2021-12-17,"[0.91, -0.54]","[0.51, -0.51]","[0.33, -0.3]"
2021-12-20,"[0.91, -0.54]","[0.51, -0.51]","[0.33, -0.3]"
2021-12-21,"[0.92, -0.54]","[0.51, -0.51]","[0.33, -0.3]"
2021-12-22,"[0.92, -0.54]","[0.51, -0.51]","[0.33, -0.3]"
2021-12-23,"[0.91, -0.54]","[0.51, -0.51]","[0.33, -0.3]"
2021-12-24,"[0.91, -0.54]","[0.51, -0.51]","[0.33, -0.3]"
2021-12-29,"[0.92, -0.54]","[0.51, -0.51]","[0.33, -0.31]"
2021-12-30,"[0.92, -0.54]","[0.51, -0.51]","[0.33, -0.31]"
2021-12-31,"[0.92, -0.54]","[0.51, -0.51]","[0.33, -0.31]"
2022-01-04,"[0.92, -0.54]","[0.51, -0.51]","[0.33, -0.3]"
2022-01-05,"[0.92, -0.54]","[0.51, -0.51]","[0.33, -0.31]"
2022-01-06,"[0.92, -0.54]","[0.51, -0.51]","[0.33, -0.31]"
2022-01-07,"[0.92, -0.54]","[0.51, -0.51]","[0.33, -0.31]"
2022-01-10,"[0.92, -0.54]","[0.52, -0.52]","[0.33, -0.31]"
2022-01-11,"[0.92, -0.54]","[0.52, -0.52]","[0.33, -0.31]"
2022-01-12,"[0.92, -0.54]","[0.52, -0.52]","[0.33, -0.31]"
2022-01-13,"[0.92, -0.54]","[0.52, -0.52]","[0.33, -0.31]"
2022-01-14,"[0.92, -0.54]","[0.52, -0.52]","[0.33, -0.31]"
2022-01-18,"[0.93, -0.54]","[0.52, -0.52]","[0.33, -0.31]"
2022-01-19,"[0.93, -0.54]","[0.52, -0.52]","[0.33, -0.31]"
2022-01-20,"[0.93, -0.54]","[0.52, -0.52]","[0.33, -0.31]"
2022-01-21,"[0.93, -0.54]","[0.52, -0.52]","[0.33, -0.31]"
2022-01-24,"[0.93, -0.55]","[0.52, -0.52]","[0.34, -0.31]"
2022-01-25,"[0.93, -0.55]","[0.52, -0.52]","[0.34, -0.31]"
2022-01-26,"[0.93, -0.55]","[0.52, -0.52]","[0.34, -0.31]"
2022-01-27,"[0.93, -0.55]","[0.52, -0.52]","[0.34, -0.31]"
2022-01-28,"[0.93, -0.55]","[0.52, -0.52]","[0.34, -0.31]"
2022-01-31,"[0.93, -0.55]","[0.52, -0.52]","[0.33, -0.31]"
2022-02-01,"[0.93, -0.55]","[0.52, -0.52]","[0.33, -0.3]"
2022-02-02,"[0.93, -0.55]","[0.52, -0.52]","[0.33, -0.31]"
2022-02-03,"[0.93, -0.55]","[0.52, -0.52]","[0.33, -0.31]"
2022-02-04,"[0.93, -0.55]","[0.52, -0.52]","[0.33, -0.31]"
2022-02-07,"[0.93, -0.55]","[0.52, -0.52]","[0.33, -0.3]"
2022-02-08,"[0.93, -0.55]","[0.52, -0.52]","[0.33, -0.3]"
2022-02-09,"[0.93, -0.55]","[0.52, -0.52]","[0.33, -0.3]"
2022-02-10,"[0.93, -0.55]","[0.52, -0.52]","[0.33, -0.31]"
2022-02-11,"[0.93, -0.55]","[0.52, -0.52]","[0.33, -0.31]"
2022-02-14,"[0.93, -0.55]","[0.52, -0.52]","[0.34, -0.31]"
2022-02-15,"[0.93, -0.55]","[0.52, -0.52]","[0.34, -0.31]"
2022-02-16,"[0.93, -0.55]","[0.52, -0.52]","[0.34, -0.31]"
2022-02-17,"[0.93, -0.55]","[0.52, -0.52]","[0.34, -0.31]"
2022-02-18,"[0.93, -0.55]","[0.52, -0.52]","[0.33, -0.3]"
2022-02-22,"[0.93, -0.56]","[0.52, -0.52]","[0.33, -0.3]"
2022-02-23,"[0.93, -0.56]","[0.52, -0.52]","[0.33, -0.3]"
2022-02-24,"[0.93, -0.56]","[0.52, -0.52]","[0.33, -0.3]"
2022-02-25,"[0.93, -0.56]","[0.52, -0.52]","[0.34, -0.3]"
2022-02-28,"[0.93, -0.56]","[0.53, -0.52]","[0.34, -0.3]"
2022-03-01,"[0.93, -0.56]","[0.53, -0.52]","[0.34, -0.31]"
2022-03-02,"[0.93, -0.56]","[0.53, -0.52]","[0.34, -0.31]"
2022-03-03,"[0.93, -0.56]","[0.53, -0.52]","[0.34, -0.31]"
2022-03-04,"[0.93, -0.56]","[0.52, -0.52]","[0.34, -0.3]"
2022-03-07,"[0.92, -0.56]","[0.52, -0.52]","[0.34, -0.3]"
2022-03-08,"[0.92, -0.56]","[0.52, -0.52]","[0.34, -0.3]"
2022-03-09,"[0.92, -0.56]","[0.52, -0.52]","[0.34, -0.31]"
2022-03-10,"[0.92, -0.56]","[0.52, -0.52]","[0.34, -0.3]"
2022-03-11,"[0.92, -0.56]","[0.52, -0.52]","[0.34, -0.3]"
2022-03-14,"[0.92, -0.56]","[0.52, -0.51]","[0.34, -0.3]"
2022-03-15,"[0.92, -0.56]","[0.52, -0.52]","[0.34, -0.31]"
2022-03-16,"[0.92, -0.56]","[0.52, -0.52]","[0.34, -0.31]"
2022-03-17,"[0.92, -0.56]","[0.52, -0.52]","[0.34, -0.3]"
2022-03-18,"[0.92, -0.56]","[0.52, -0.52]","[0.34, -0.3]"
2022-03-21,"[0.92, -0.56]","[0.52, -0.51]","[0.34, -0.3]"
2022-03-22,"[0.92, -0.56]","[0.52, -0.51]","[0.34, -0.3]"
2022-03-23,"[0.92, -0.56]","[0.52, -0.51]","[0.34, -0.3]"
2022-03-24,"[0.92, -0.56]","[0.52, -0.51]","[0.34, -0.3]"
2022-03-25,"[0.92, -0.56]","[0.52, -0.51]","[0.34, -0.3]"
2022-03-28,"[0.92, -0.56]","[0.52, -0.51]","[0.34, -0.3]"
2022-03-29,"[0.92, -0.56]","[0.52, -0.51]","[0.34, -0.3]"
2022-03-30,"[0.92, -0.56]","[0.52, -0.51]","[0.34, -0.3]"
2022-03-31,"[0.92, -0.56]","[0.52, -0.51]","[0.34, -0.3]"
2022-04-01,"[0.92, -0.56]","[0.52, -0.51]","[0.34, -0.3]"
2022-04-04,"[0.91, -0.56]","[0.52, -0.5]","[0.34, -0.3]"
2022-04-05,"[0.91, -0.56]","[0.52, -0.5]","[0.34, -0.3]"
2022-04-06,"[0.92, -0.56]","[0.52, -0.5]","[0.34, -0.3]"
2022-04-07,"[0.92, -0.56]","[0.52, -0.5]","[0.34, -0.3]"
2022-04-08,"[0.91, -0.56]","[0.52, -0.5]","[0.34, -0.3]"
2022-04-11,"[0.91, -0.57]","[0.52, -0.5]","[0.34, -0.3]"
2022-04-12,"[0.91, -0.57]","[0.52, -0.5]","[0.34, -0.3]"
2022-04-13,"[0.91, -0.57]","[0.52, -0.5]","[0.34, -0.3]"
2022-04-14,"[0.91, -0.57]","[0.52, -0.5]","[0.34, -0.3]"
2022-04-15,"[0.91, -0.57]","[0.52, -0.5]","[0.34, -0.3]"
2022-04-19,"[0.91, -0.57]","[0.52, -0.5]","[0.34, -0.3]"
2022-04-20,"[0.91, -0.57]","[0.52, -0.5]","[0.34, -0.3]"
2022-04-21,"[0.91, -0.57]","[0.52, -0.5]","[0.34, -0.3]"
2022-04-22,"[0.91, -0.57]","[0.52, -0.5]","[0.34, -0.3]"
2022-04-25,"[0.91, -0.57]","[0.52, -0.49]","[0.34, -0.3]"
2022-04-26,"[0.91, -0.57]","[0.52, -0.49]","[0.34, -0.3]"
2022-04-27,"[0.91, -0.57]","[0.52, -0.49]","[0.34, -0.3]"
2022-04-28,"[0.91, -0.57]","[0.52, -0.49]","[0.34, -0.3]"
2022-04-29,"[0.91, -0.57]","[0.52, -0.49]","[0.34, -0.3]"
2022-04-30,"[0.91, -0.57]","[0.52, -0.49]","[0.34, -0.3]"
2022-05-03,"[0.91, -0.57]","[0.52, -0.49]","[0.34, -0.3]"
2022-05-04,"[0.9, -0.57]","[0.52, -0.49]","[0.34, -0.3]"
2022-05-05,"[0.91, -0.57]","[0.52, -0.49]","[0.34, -0.3]"
2022-05-06,"[0.91, -0.57]","[0.52, -0.49]","[0.34, -0.3]"
2022-05-09,"[0.9, -0.57]","[0.52, -0.48]","[0.34, -0.3]"
2022-05-10,"[0.9, -0.57]","[0.52, -0.48]","[0.34, -0.3]"
2022-05-11,"[0.9, -0.57]","[0.52, -0.48]","[0.34, -0.3]"
2022-05-12,"[0.9, -0.57]","[0.52, -0.48]","[0.34, -0.29]"
2022-05-13,"[0.9, -0.57]","[0.52, -0.48]","[0.34, -0.3]"
2022-05-16,"[0.9, -0.57]","[0.52, -0.48]","[0.34, -0.29]"
2022-05-17,"[0.9, -0.57]","[0.52, -0.48]","[0.34, -0.29]"
2022-05-18,"[0.9, -0.57]","[0.52, -0.48]","[0.34, -0.29]"
2022-05-19,"[0.9, -0.57]","[0.52, -0.48]","[0.34, -0.29]"
2022-05-20,"[0.9, -0.57]","[0.52, -0.48]","[0.34, -0.29]"
2022-05-23,"[0.9, -0.57]","[0.52, -0.47]","[0.35, -0.29]"
2022-05-24,"[0.9, -0.57]","[0.52, -0.47]","[0.35, -0.29]"
2022-05-25,"[0.9, -0.57]","[0.52, -0.47]","[0.35, -0.29]"
2022-05-26,"[0.9, -0.57]","[0.52, -0.47]","[0.35, -0.29]"
2022-05-27,"[0.9, -0.57]","[0.52, -0.47]","[0.35, -0.29]"
2022-05-31,"[0.89, -0.57]","[0.52, -0.47]","[0.35, -0.29]"
2022-06-01,"[0.89, -0.57]","[0.52, -0.47]","[0.35, -0.29]"
2022-06-02,"[0.89, -0.57]","[0.52, -0.47]","[0.35, -0.29]"
2022-06-03,"[0.89, -0.57]","[0.52, -0.47]","[0.35, -0.29]"
2022-06-06,"[0.89, -0.57]","[0.52, -0.46]","[0.35, -0.29]"
2022-06-07,"[0.89, -0.57]","[0.52, -0.46]","[0.35, -0.29]"
2022-06-08,"[0.89, -0.57]","[0.52, -0.46]","[0.35, -0.29]"
2022-06-09,"[0.89, -0.57]","[0.52, -0.46]","[0.35, -0.29]"
2022-06-10,"[0.89, -0.57]","[0.52, -0.46]","[0.35, -0.29]"
2022-06-13,"[0.89, -0.57]","[0.52, -0.46]","[0.35, -0.29]"
2022-06-14,"[0.89, -0.57]","[0.52, -0.46]","[0.35, -0.29]"
2022-06-15,"[0.89, -0.57]","[0.52, -0.46]","[0.35, -0.29]"
2022-06-16,"[0.89, -0.57]","[0.52, -0.46]","[0.35, -0.29]"
2022-06-17,"[0.89, -0.57]","[0.52, -0.46]","[0.35, -0.29]"
2022-06-21,"[0.89, -0.57]","[0.52, -0.45]","[0.35, -0.29]"
2022-06-22,"[0.89, -0.57]","[0.52, -0.45]","[0.35, -0.29]"
2022-06-23,"[0.89, -0.57]","[0.52, -0.45]","[0.35, -0.29]"
2022-06-24,"[0.89, -0.57]","[0.52, -0.45]","[0.35, -0.29]"
2022-06-27,"[0.89, -0.56]","[0.52, -0.45]","[0.35, -0.29]"
2022-06-28,"[0.89, -0.56]","[0.52, -0.45]","[0.35, -0.29]"
2022-06-29,"[0.89, -0.56]","[0.52, -0.45]","[0.35, -0.29]"
2022-06-30,"[0.89, -0.56]","[0.52, -0.45]","[0.35, -0.29]"
2022-07-01,"[0.89, -0.56]","[0.52, -0.45]","[0.35, -0.29]"
2022-07-05,"[0.89, -0.56]","[0.52, -0.44]","[0.35, -0.28]"
2022-07-06,"[0.89, -0.56]","[0.52, -0.44]","[0.35, -0.28]"
2022-07-07,"[0.89, -0.56]","[0.52, -0.44]","[0.35, -0.29]"
2022-07-08,"[0.89, -0.56]","[0.52, -0.44]","[0.35, -0.29]"
2022-07-11,"[0.88, -0.56]","[0.52, -0.43]","[0.36, -0.28]"
2022-07-12,"[0.89, -0.56]","[0.52, -0.43]","[0.36, -0.28]"
2022-07-13,"[0.88, -0.56]","[0.52, -0.43]","[0.36, -0.28]"
2022-07-14,"[0.88, -0.56]","[0.52, -0.43]","[0.36, -0.28]"
2022-07-15,"[0.88, -0.56]","[0.52, -0.43]","[0.36, -0.28]"
2022-07-18,"[0.88, -0.56]","[0.52, -0.43]","[0.36, -0.28]"
2022-07-19,"[0.88, -0.56]","[0.52, -0.43]","[0.36, -0.28]"
2022-07-20,"[0.88, -0.56]","[0.52, -0.43]","[0.36, -0.28]"
2022-07-21,"[0.88, -0.56]","[0.52, -0.43]","[0.36, -0.28]"
2022-07-22,"[0.88, -0.56]","[0.52, -0.43]","[0.36, -0.28]"
2022-07-25,"[0.88, -0.56]","[0.52, -0.42]","[0.36, -0.28]"
2022-07-26,"[0.88, -0.56]","[0.52, -0.42]","[0.36, -0.28]"
2022-07-27,"[0.88, -0.56]","[0.52, -0.42]","[0.36, -0.28]"
2022-07-28,"[0.88, -0.56]","[0.52, -0.42]","[0.36, -0.28]"
2022-07-29,"[0.88, -0.56]","[0.52, -0.42]","[0.36, -0.28]"
2022-07-31,"[0.88, -0.56]","[0.52, -0.42]","[0.36, -0.28]"
2022-08-01,"[0.88, -0.56]","[0.52, -0.42]","[0.36, -0.28]"
2022-08-02,"[0.88, -0.56]","[0.52, -0.42]","[0.36, -0.28]"
2022-08-03,"[0.88, -0.56]","[0.52, -0.42]","[0.36, -0.28]"
2022-08-04,"[0.88, -0.56]","[0.52, -0.42]","[0.36, -0.28]"
2022-08-05,"[0.88, -0.56]","[0.52, -0.42]","[0.36, -0.28]"
2022-08-08,"[0.88, -0.55]","[0.52, -0.41]","[0.36, -0.28]"
2022-08-09,"[0.88, -0.55]","[0.52, -0.41]","[0.36, -0.28]"
2022-08-10,"[0.88, -0.55]","[0.52, -0.41]","[0.36, -0.28]"
2022-08-11,"[0.88, -0.55]","[0.52, -0.41]","[0.36, -0.28]"
2022-08-12,"[0.88, -0.55]","[0.52, -0.41]","[0.36, -0.28]"
2022-08-15,"[0.88, -0.55]","[0.52, -0.4]","[0.36, -0.28]"
2022-08-16,"[0.88, -0.55]","[0.52, -0.4]","[0.36, -0.28]"
2022-08-17,"[0.88, -0.55]","[0.52, -0.4]","[0.36, -0.28]"
2022-08-18,"[0.88, -0.55]","[0.52, -0.4]","[0.36, -0.28]"
2022-08-19,"[0.88, -0.55]","[0.52, -0.4]","[0.36, -0.28]"
2022-08-22,"[0.88, -0.55]","[0.51, -0.4]","[0.36, -0.28]"
2022-08-23,"[0.88, -0.55]","[0.51, -0.4]","[0.36, -0.28]"
2022-08-24,"[0.88, -0.55]","[0.51, -0.4]","[0.36, -0.28]"
2022-08-25,"[0.88, -0.55]","[0.51, -0.4]","[0.36, -0.28]"
2022-08-26,"[0.88, -0.55]","[0.51, -0.4]","[0.36, -0.28]"
2022-08-30,"[0.87, -0.54]","[0.51, -0.39]","[0.36, -0.28]"
2022-08-31,"[0.87, -0.54]","[0.51, -0.39]","[0.36, -0.28]"
2022-09-01,"[0.87, -0.54]","[0.51, -0.39]","[0.36, -0.28]"
2022-09-02,"[0.87, -0.54]","[0.51, -0.39]","[0.36, -0.28]"
2022-09-06,"[0.87, -0.53]","[0.51, -0.39]","[0.36, -0.27]"
2022-09-07,"[0.87, -0.53]","[0.51, -0.39]","[0.36, -0.27]"
2022-09-08,"[0.87, -0.53]","[0.51, -0.39]","[0.36, -0.27]"
2022-09-09,"[0.87, -0.53]","[0.51, -0.39]","[0.36, -0.27]"
2022-09-12,"[0.87, -0.52]","[0.51, -0.38]","[0.36, -0.27]"
2022-09-13,"[0.87, -0.52]","[0.51, -0.38]","[0.37, -0.27]"
2022-09-14,"[0.87, -0.52]","[0.51, -0.38]","[0.37, -0.27]"
2022-09-15,"[0.87, -0.52]","[0.51, -0.38]","[0.37, -0.27]"
2022-09-16,"[0.87, -0.52]","[0.51, -0.38]","[0.37, -0.27]"
2022-09-20,"[0.87, -0.5]","[0.51, -0.37]","[0.37, -0.27]"
2022-09-21,"[0.87, -0.5]","[0.51, -0.37]","[0.37, -0.27]"
2022-09-22,"[0.87, -0.5]","[0.51, -0.37]","[0.37, -0.27]"
2022-09-23,"[0.87, -0.5]","[0.51, -0.37]","[0.37, -0.27]"
2022-09-26,"[0.87, -0.49]","[0.51, -0.37]","[0.37, -0.27]"
2022-09-27,"[0.87, -0.49]","[0.51, -0.37]","[0.37, -0.27]"
2022-09-28,"[0.87, -0.49]","[0.51, -0.37]","[0.37, -0.27]"
2022-09-29,"[0.87, -0.49]","[0.51, -0.36]","[0.37, -0.27]"
2022-09-30,"[0.87, -0.49]","[0.51, -0.36]","[0.37, -0.27]"
2022-10-03,"[0.86, -0.48]","[0.51, -0.36]","[0.37, -0.27]"
2022-10-04,"[0.86, -0.48]","[0.51, -0.36]","[0.37, -0.27]"
2022-10-05,"[0.86, -0.48]","[0.51, -0.36]","[0.37, -0.27]"
2022-10-06,"[0.86, -0.48]","[0.51, -0.36]","[0.37, -0.27]"
2022-10-07,"[0.86, -0.48]","[0.51, -0.36]","[0.37, -0.27]"
2022-10-11,"[0.86, -0.47]","[0.51, -0.35]","[0.37, -0.27]"
2022-10-12,"[0.86, -0.47]","[0.51, -0.35]","[0.37, -0.27]"
2022-10-13,"[0.86, -0.47]","[0.51, -0.35]","[0.37, -0.27]"
2022-10-14,"[0.86, -0.47]","[0.51, -0.35]","[0.37, -0.27]"
2022-10-17,"[0.86, -0.45]","[0.51, -0.34]","[0.37, -0.27]"
2022-10-18,"[0.86, -0.45]","[0.51, -0.34]","[0.37, -0.27]"
2022-10-19,"[0.86, -0.45]","[0.51, -0.34]","[0.37, -0.27]"
2022-10-20,"[0.86, -0.45]","[0.51, -0.34]","[0.37, -0.27]"
2022-10-21,"[0.86, -0.45]","[0.51, -0.34]","[0.37, -0.27]"
2022-10-24,"[0.86, -0.44]","[0.51, -0.34]","[0.37, -0.27]"
2022-10-25,"[0.86, -0.44]","[0.51, -0.34]","[0.37, -0.27]"
2022-10-26,"[0.86, -0.44]","[0.51, -0.34]","[0.37, -0.27]"
2022-10-27,"[0.86, -0.44]","[0.51, -0.34]","[0.37, -0.27]"
2022-10-28,"[0.86, -0.44]","[0.51, -0.34]","[0.37, -0.27]"
2022-10-31,"[0.86, -0.43]","[0.51, -0.33]","[0.37, -0.27]"
2022-11-01,"[0.86, -0.43]","[0.51, -0.33]","[0.37, -0.27]"
2022-11-02,"[0.86, -0.43]","[0.51, -0.33]","[0.37, -0.27]"
2022-11-03,"[0.86, -0.43]","[0.51, -0.33]","[0.37, -0.27]"
2022-11-04,"[0.86, -0.43]","[0.51, -0.33]","[0.37, -0.27]"
2022-11-07,"[0.86, -0.42]","[0.51, -0.33]","[0.37, -0.27]"
2022-11-08,"[0.86, -0.42]","[0.51, -0.33]","[0.37, -0.27]"
2022-11-09,"[0.85, -0.42]","[0.51, -0.32]","[0.37, -0.27]"
2022-11-10,"[0.86, -0.42]","[0.51, -0.33]","[0.37, -0.27]"
2022-11-11,"[0.86, -0.42]","[0.51, -0.33]","[0.37, -0.27]"
2022-11-14,"[0.85, -0.41]","[0.51, -0.32]","[0.37, -0.27]"
2022-11-15,"[0.85, -0.41]","[0.51, -0.32]","[0.37, -0.27]"
2022-11-16,"[0.85, -0.41]","[0.51, -0.32]","[0.37, -0.27]"
2022-11-17,"[0.85, -0.41]","[0.51, -0.32]","[0.37, -0.27]"
2022-11-18,"[0.85, -0.41]","[0.51, -0.32]","[0.37, -0.27]"
2022-11-21,"[0.85, -0.4]","[0.51, -0.31]","[0.37, -0.27]"
2022-11-22,"[0.85, -0.4]","[0.51, -0.31]","[0.37, -0.27]"
2022-11-23,"[0.85, -0.4]","[0.51, -0.31]","[0.37, -0.27]"
2022-11-24,"[0.85, -0.4]","[0.51, -0.31]","[0.37, -0.27]"
2022-11-25,"[0.85, -0.4]","[0.51, -0.31]","[0.37, -0.27]"
2022-11-28,"[0.85, -0.4]","[0.51, -0.31]","[0.37, -0.27]"
2022-11-29,"[0.85, -0.4]","[0.51, -0.31]","[0.37, -0.27]"
2022-11-30,"[0.85, -0.4]","[0.51, -0.31]","[0.37, -0.27]"
2022-12-01,"[0.85, -0.4]","[0.51, -0.31]","[0.37, -0.27]"
2022-12-02,"[0.85, -0.4]","[0.51, -0.31]","[0.37, -0.27]"
2022-12-05,"[0.85, -0.39]","[0.51, -0.31]","[0.37, -0.27]"
2022-12-06,"[0.85, -0.39]","[0.51, -0.31]","[0.37, -0.27]"
2022-12-07,"[0.85, -0.39]","[0.51, -0.31]","[0.37, -0.27]"
2022-12-08,"[0.85, -0.39]","[0.51, -0.31]","[0.37, -0.27]"
2022-12-09,"[0.85, -0.39]","[0.51, -0.31]","[0.37, -0.27]"
2022-12-12,"[0.85, -0.39]","[0.51, -0.31]","[0.37, -0.27]"
2022-12-13,"[0.85, -0.39]","[0.51, -0.31]","[0.37, -0.27]"
2022-12-14,"[0.85, -0.39]","[0.51, -0.31]","[0.37, -0.27]"
2022-12-15,"[0.85, -0.39]","[0.51, -0.31]","[0.37, -0.27]"
2022-12-16,"[0.85, -0.39]","[0.51, -0.31]","[0.37, -0.27]"
2022-12-19,"[0.85, -0.39]","[0.51, -0.31]","[0.37, -0.27]"
2022-12-20,"[0.85, -0.39]","[0.51, -0.31]","[0.37, -0.27]"
2022-12-21,"[0.85, -0.39]","[0.51, -0.3]","[0.37, -0.27]"
2022-12-22,"[0.85, -0.39]","[0.51, -0.3]","[0.37, -0.27]"
2022-12-23,"[0.85, -0.39]","[0.51, -0.31]","[0.37, -0.27]"
2022-12-26,"[0.85, -0.39]","[0.51, -0.31]","[0.37, -0.27]"
2022-12-28,"[0.84, -0.38]","[0.51, -0.3]","[0.37, -0.27]"
2022-12-29,"[0.84, -0.38]","[0.51, -0.3]","[0.37, -0.27]"
2022-12-30,"[0.84, -0.38]","[0.51, -0.3]","[0.37, -0.27]"
2022-12-31,"[0.84, -0.38]","[0.51, -0.3]","[0.37, -0.27]"
2023-01-02,"[0.84, -0.38]","[0.51, -0.3]","[0.37, -0.27]"
2023-01-03,"[0.84, -0.38]","[0.51, -0.3]","[0.37, -0.27]"
2023-01-04,"[0.84, -0.38]","[0.51, -0.3]","[0.37, -0.27]"
2023-01-05,"[0.84, -0.38]","[0.51, -0.3]","[0.37, -0.27]"
2023-01-06,"[0.84, -0.38]","[0.51, -0.3]","[0.37, -0.27]"
2023-01-09,"[0.84, -0.38]","[0.51, -0.3]","[0.37, -0.26]"
2023-01-10,"[0.84, -0.38]","[0.51, -0.3]","[0.37, -0.26]"
2023-01-11,"[0.84, -0.38]","[0.51, -0.3]","[0.37, -0.26]"
2023-01-12,"[0.84, -0.38]","[0.51, -0.3]","[0.36, -0.26]"
2023-01-13,"[0.84, -0.38]","[0.51, -0.3]","[0.36, -0.26]"
2023-01-17,"[0.84, -0.38]","[0.51, -0.3]","[0.36, -0.26]"
2023-01-18,"[0.84, -0.38]","[0.51, -0.3]","[0.36, -0.26]"
2023-01-19,"[0.84, -0.37]","[0.51, -0.3]","[0.36, -0.26]"
2023-01-20,"[0.84, -0.38]","[0.51, -0.3]","[0.36, -0.26]"
2023-01-23,"[0.83, -0.37]","[0.51, -0.3]","[0.36, -0.26]"
2023-01-24,"[0.83, -0.37]","[0.51, -0.3]","[0.36, -0.26]"
2023-01-25,"[0.83, -0.37]","[0.51, -0.3]","[0.36, -0.26]"
2023-01-26,"[0.83, -0.37]","[0.51, -0.3]","[0.36, -0.26]"
2023-01-27,"[0.83, -0.37]","[0.51, -0.3]","[0.36, -0.26]"
2023-01-30,"[0.83, -0.37]","[0.51, -0.3]","[0.36, -0.26]"
2023-01-31,"[0.83, -0.37]","[0.51, -0.3]","[0.36, -0.26]"
2023-02-01,"[0.83, -0.37]","[0.51, -0.3]","[0.36, -0.26]"
2023-02-02,"[0.83, -0.37]","[0.51, -0.3]","[0.36, -0.26]"
2023-02-03,"[0.83, -0.37]","[0.51, -0.3]","[0.36, -0.26]"
2023-02-06,"[0.83, -0.37]","[0.51, -0.3]","[0.36, -0.26]"
2023-02-07,"[0.83, -0.37]","[0.51, -0.3]","[0.36, -0.26]"
2023-02-08,"[0.83, -0.37]","[0.51, -0.3]","[0.36, -0.26]"
2023-02-09,"[0.83, -0.37]","[0.51, -0.3]","[0.36, -0.26]"
2023-02-10,"[0.83, -0.37]","[0.51, -0.3]","[0.36, -0.26]"
2023-02-13,"[0.83, -0.36]","[0.51, -0.3]","[0.36, -0.26]"
2023-02-14,"[0.83, -0.36]","[0.51, -0.3]","[0.36, -0.26]"
2023-02-15,"[0.83, -0.36]","[0.51, -0.3]","[0.36, -0.26]"
2023-02-16,"[0.83, -0.36]","[0.51, -0.3]","[0.36, -0.26]"
2023-02-17,"[0.83, -0.36]","[0.51, -0.3]","[0.36, -0.26]"
2023-02-21,"[0.82, -0.36]","[0.51, -0.3]","[0.36, -0.26]"
2023-02-22,"[0.82, -0.36]","[0.51, -0.3]","[0.36, -0.26]"
2023-02-23,"[0.82, -0.36]","[0.51, -0.3]","[0.36, -0.26]"
2023-02-24,"[0.82, -0.36]","[0.51, -0.3]","[0.36, -0.26]"
2023-02-27,"[0.82, -0.36]","[0.51, -0.3]","[0.35, -0.26]"
2023-02-28,"[0.82, -0.36]","[0.51, -0.29]","[0.35, -0.26]"
2023-03-01,"[0.82, -0.36]","[0.51, -0.29]","[0.35, -0.26]"
2023-03-02,"[0.82, -0.36]","[0.51, -0.29]","[0.35, -0.26]"
2023-03-03,"[0.82, -0.36]","[0.51, -0.3]","[0.35, -0.26]"
2023-03-06,"[0.82, -0.36]","[0.51, -0.29]","[0.35, -0.26]"
2023-03-07,"[0.82, -0.36]","[0.51, -0.29]","[0.35, -0.26]"
2023-03-08,"[0.82, -0.36]","[0.51, -0.29]","[0.35, -0.26]"
2023-03-09,"[0.82, -0.36]","[0.51, -0.29]","[0.35, -0.26]"
2023-03-10,"[0.82, -0.36]","[0.51, -0.29]","[0.35, -0.26]"
2023-03-13,"[0.81, -0.35]","[0.51, -0.29]","[0.35, -0.25]"
2023-03-14,"[0.81, -0.35]","[0.51, -0.29]","[0.35, -0.25]"
2023-03-15,"[0.81, -0.35]","[0.51, -0.29]","[0.35, -0.25]"
2023-03-16,"[0.81, -0.35]","[0.51, -0.29]","[0.35, -0.25]"
2023-03-17,"[0.81, -0.35]","[0.51, -0.29]","[0.35, -0.25]"
2023-03-20,"[0.81, -0.35]","[0.5, -0.29]","[0.35, -0.25]"
2023-03-21,"[0.81, -0.35]","[0.5, -0.29]","[0.35, -0.25]"
2023-03-22,"[0.81, -0.35]","[0.5, -0.29]","[0.35, -0.25]"
2023-03-23,"[0.81, -0.35]","[0.5, -0.29]","[0.35, -0.25]"
2023-03-24,"[0.81, -0.35]","[0.5, -0.29]","[0.35, -0.25]"
2023-03-27,"[0.81, -0.36]","[0.5, -0.29]","[0.35, -0.25]"
2023-03-28,"[0.81, -0.36]","[0.5, -0.29]","[0.35, -0.25]"
2023-03-29,"[0.81, -0.36]","[0.5, -0.29]","[0.35, -0.26]"
2023-03-30,"[0.81, -0.35]","[0.5, -0.29]","[0.35, -0.26]"
2023-03-31,"[0.81, -0.35]","[0.5, -0.29]","[0.35, -0.26]"
2023-04-03,"[0.81, -0.35]","[0.5, -0.29]","[0.35, -0.26]"
2023-04-04,"[0.81, -0.35]","[0.5, -0.29]","[0.35, -0.26]"
2023-04-05,"[0.8, -0.35]","[0.5, -0.29]","[0.35, -0.26]"
2023-04-06,"[0.8, -0.35]","[0.5, -0.29]","[0.35, -0.26]"
2023-04-07,"[0.81, -0.35]","[0.5, -0.29]","[0.35, -0.26]"
2023-04-11,"[0.8, -0.35]","[0.5, -0.28]","[0.35, -0.26]"
2023-04-12,"[0.8, -0.35]","[0.5, -0.28]","[0.35, -0.26]"
2023-04-13,"[0.8, -0.35]","[0.5, -0.28]","[0.35, -0.26]"
2023-04-14,"[0.8, -0.35]","[0.5, -0.28]","[0.35, -0.26]"
2023-04-17,"[0.8, -0.35]","[0.5, -0.28]","[0.36, -0.26]"
2023-04-18,"[0.8, -0.35]","[0.5, -0.28]","[0.36, -0.26]"
2023-04-19,"[0.8, -0.35]","[0.5, -0.28]","[0.36, -0.26]"
2023-04-20,"[0.8, -0.35]","[0.5, -0.28]","[0.36, -0.26]"
2023-04-21,"[0.8, -0.35]","[0.5, -0.28]","[0.36, -0.26]"
2023-04-24,"[0.8, -0.35]","[0.5, -0.28]","[0.36, -0.26]"
2023-04-25,"[0.8, -0.35]","[0.5, -0.28]","[0.36, -0.26]"
2023-04-26,"[0.8, -0.35]","[0.5, -0.28]","[0.36, -0.26]"
2023-04-27,"[0.8, -0.35]","[0.5, -0.28]","[0.36, -0.26]"
2023-04-28,"[0.8, -0.35]","[0.5, -0.28]","[0.36, -0.26]"
2023-04-30,"[0.8, -0.35]","[0.5, -0.28]","[0.36, -0.26]"
2023-05-02,"[0.8, -0.35]","[0.5, -0.28]","[0.36, -0.26]"
2023-05-03,"[0.8, -0.35]","[0.5, -0.28]","[0.36, -0.26]"
2023-05-04,"[0.8, -0.35]","[0.5, -0.28]","[0.36, -0.26]"
2023-05-05,"[0.8, -0.35]","[0.5, -0.28]","[0.36, -0.26]"
2023-05-09,"[0.8, -0.36]","[0.5, -0.28]","[0.36, -0.26]"
2023-05-10,"[0.8, -0.36]","[0.5, -0.28]","[0.36, -0.26]"
2023-05-11,"[0.8, -0.36]","[0.5, -0.28]","[0.36, -0.26]"
2023-05-12,"[0.8, -0.36]","[0.5, -0.28]","[0.36, -0.26]"
2023-05-15,"[0.8, -0.36]","[0.49, -0.28]","[0.36, -0.26]"
2023-05-16,"[0.8, -0.36]","[0.49, -0.28]","[0.36, -0.26]"
2023-05-17,"[0.8, -0.36]","[0.49, -0.28]","[0.36, -0.26]"
2023-05-18,"[0.8, -0.36]","[0.49, -0.28]","[0.36, -0.26]"
2023-05-19,"[0.8, -0.36]","[0.49, -0.28]","[0.36, -0.26]"
2023-05-22,"[0.8, -0.36]","[0.49, -0.28]","[0.36, -0.26]"
2023-05-23,"[0.8, -0.36]","[0.49, -0.28]","[0.36, -0.26]"
2023-05-24,"[0.8, -0.36]","[0.49, -0.28]","[0.36, -0.26]"
2023-05-25,"[0.8, -0.36]","[0.49, -0.28]","[0.36, -0.26]"
2023-05-26,"[0.8, -0.36]","[0.49, -0.28]","[0.36, -0.26]"
2023-05-29,"[0.8, -0.36]","[0.49, -0.28]","[0.36, -0.26]"
2023-05-30,"[0.8, -0.36]","[0.49, -0.28]","[0.36, -0.26]"
2023-05-31,"[0.8, -0.36]","[0.49, -0.28]","[0.36, -0.26]"
2023-06-01,"[0.8, -0.36]","[0.49, -0.28]","[0.36, -0.26]"
2023-06-02,"[0.8, -0.36]","[0.49, -0.28]","[0.36, -0.26]"
2023-06-05,"[0.8, -0.36]","[0.49, -0.28]","[0.36, -0.26]"
2023-06-06,"[0.8, -0.36]","[0.49, -0.28]","[0.36, -0.26]"
2023-06-07,"[0.8, -0.36]","[0.49, -0.28]","[0.36, -0.26]"
2023-06-08,"[0.8, -0.36]","[0.49, -0.28]","[0.36, -0.26]"
2023-06-09,"[0.8, -0.36]","[0.49, -0.28]","[0.36, -0.26]"
2023-06-12,"[0.8, -0.36]","[0.49, -0.28]","[0.36, -0.26]"
2023-06-13,"[0.8, -0.36]","[0.49, -0.28]","[0.36, -0.26]"
2023-06-14,"[0.8, -0.36]","[0.49, -0.28]","[0.36, -0.26]"
2023-06-15,"[0.8, -0.36]","[0.49, -0.28]","[0.36, -0.26]"
2023-06-16,"[0.8, -0.36]","[0.49, -0.28]","[0.36, -0.26]"
2023-06-20,"[0.8, -0.36]","[0.49, -0.28]","[0.36, -0.26]"
2023-06-21,"[0.8, -0.36]","[0.49, -0.28]","[0.36, -0.26]"
2023-06-22,"[0.8, -0.36]","[0.49, -0.28]","[0.36, -0.26]"
2023-06-23,"[0.8, -0.36]","[0.49, -0.28]","[0.36, -0.26]"
2023-06-26,"[0.8, -0.36]","[0.49, -0.28]","[0.36, -0.27]"
2023-06-27,"[0.8, -0.36]","[0.49, -0.28]","[0.36, -0.27]"
2023-06-28,"[0.8, -0.36]","[0.49, -0.28]","[0.36, -0.27]"
2023-06-29,"[0.8, -0.36]","[0.49, -0.28]","[0.36, -0.27]"
2023-06-30,"[0.8, -0.36]","[0.48, -0.28]","[0.36, -0.27]"
2023-07-03,"[0.8, -0.37]","[0.48, -0.28]","[0.36, -0.27]"
2023-07-04,"[0.8, -0.37]","[0.48, -0.28]","[0.36, -0.27]"
2023-07-05,"[0.8, -0.37]","[0.48, -0.28]","[0.36, -0.27]"
2023-07-06,"[0.8, -0.37]","[0.48, -0.28]","[0.36, -0.27]"
2023-07-07,"[0.8, -0.37]","[0.48, -0.28]","[0.36, -0.27]"
2023-07-10,"[0.8, -0.37]","[0.48, -0.28]","[0.36, -0.27]"
2023-07-11,"[0.8, -0.37]","[0.48, -0.28]","[0.36, -0.27]"
2023-07-12,"[0.8, -0.37]","[0.48, -0.28]","[0.36, -0.27]"
2023-07-13,"[0.8, -0.37]","[0.48, -0.28]","[0.36, -0.27]"
2023-07-14,"[0.8, -0.37]","[0.48, -0.28]","[0.36, -0.27]"
2023-07-17,"[0.8, -0.37]","[0.48, -0.28]","[0.36, -0.27]"
2023-07-18,"[0.8, -0.37]","[0.48, -0.28]","[0.36, -0.27]"
2023-07-19,"[0.8, -0.37]","[0.48, -0.28]","[0.36, -0.27]"
2023-07-20,"[0.8, -0.37]","[0.48, -0.28]","[0.36, -0.27]"
2023-07-21,"[0.8, -0.37]","[0.48, -0.28]","[0.36, -0.27]"
2023-07-24,"[0.8, -0.37]","[0.48, -0.28]","[0.36, -0.27]"
2023-07-25,"[0.8, -0.37]","[0.48, -0.28]","[0.36, -0.27]"
2023-07-26,"[0.8, -0.37]","[0.48, -0.28]","[0.36, -0.27]"
2023-07-27,"[0.8, -0.37]","[0.48, -0.28]","[0.36, -0.27]"
2023-07-28,"[0.8, -0.37]","[0.48, -0.28]","[0.36, -0.27]"
2023-07-31,"[0.8, -0.37]","[0.48, -0.28]","[0.37, -0.27]"
2023-08-01,"[0.8, -0.37]","[0.48, -0.28]","[0.37, -0.27]"
2023-08-02,"[0.8, -0.37]","[0.48, -0.28]","[0.37, -0.27]"
2023-08-03,"[0.8, -0.37]","[0.48, -0.28]","[0.37, -0.27]"
2023-08-04,"[0.8, -0.37]","[0.48, -0.28]","[0.37, -0.27]"
2023-08-07,"[0.8, -0.37]","[0.48, -0.28]","[0.37, -0.27]"
2023-08-08,"[0.8, -0.37]","[0.48, -0.28]","[0.37, -0.27]"
2023-08-09,"[0.8, -0.37]","[0.48, -0.28]","[0.37, -0.27]"
2023-08-10,"[0.8, -0.37]","[0.48, -0.28]","[0.37, -0.27]"
2023-08-11,"[0.8, -0.37]","[0.48, -0.28]","[0.37, -0.27]"
2023-08-14,"[0.8, -0.37]","[0.48, -0.28]","[0.37, -0.27]"
2023-08-15,"[0.8, -0.37]","[0.48, -0.28]","[0.37, -0.27]"
2023-08-16,"[0.8, -0.37]","[0.48, -0.28]","[0.37, -0.27]"
2023-08-17,"[0.8, -0.37]","[0.48, -0.28]","[0.37, -0.27]"
2023-08-18,"[0.8, -0.37]","[0.48, -0.28]","[0.37, -0.27]"
2023-08-21,"[0.8, -0.37]","[0.48, -0.28]","[0.37, -0.27]"
2023-08-22,"[0.8, -0.37]","[0.48, -0.28]","[0.37, -0.27]"
2023-08-23,"[0.8, -0.37]","[0.48, -0.28]","[0.37, -0.27]"
2023-08-24,"[0.8, -0.37]","[0.48, -0.28]","[0.37, -0.27]"
2023-08-25,"[0.8, -0.37]","[0.48, -0.28]","[0.37, -0.27]"
2023-08-29,"[0.8, -0.38]","[0.48, -0.28]","[0.37, -0.27]"
2023-08-30,"[0.8, -0.38]","[0.48, -0.28]","[0.37, -0.27]"
2023-08-31,"[0.8, -0.38]","[0.48, -0.28]","[0.37, -0.27]"
2023-09-01,"[0.8, -0.38]","[0.48, -0.28]","[0.37, -0.27]"
2023-09-05,"[0.8, -0.38]","[0.48, -0.28]","[0.37, -0.28]"
2023-09-06,"[0.8, -0.38]","[0.48, -0.28]","[0.37, -0.28]"
2023-09-07,"[0.8, -0.38]","[0.48, -0.28]","[0.37, -0.28]"
2023-09-08,"[0.8, -0.38]","[0.48, -0.28]","[0.37, -0.28]"
2023-09-11,"[0.8, -0.38]","[0.48, -0.28]","[0.37, -0.28]"
2023-09-12,"[0.8, -0.38]","[0.48, -0.28]","[0.37, -0.28]"
2023-09-13,"[0.8, -0.38]","[0.48, -0.28]","[0.37, -0.28]"
2023-09-14,"[0.8, -0.38]","[0.48, -0.28]","[0.37, -0.28]"
2023-09-15,"[0.8, -0.38]","[0.48, -0.28]","[0.37, -0.28]"
2023-09-18,"[0.8, -0.38]","[0.48, -0.28]","[0.37, -0.28]"
2023-09-19,"[0.8, -0.38]","[0.48, -0.28]","[0.37, -0.28]"
2023-09-20,"[0.8, -0.38]","[0.48, -0.28]","[0.37, -0.28]"
2023-09-21,"[0.8, -0.38]","[0.48, -0.28]","[0.37, -0.28]"
2023-09-22,"[0.8, -0.38]","[0.48, -0.28]","[0.37, -0.28]"
2023-09-25,"[0.8, -0.38]","[0.48, -0.28]","[0.37, -0.28]"
2023-09-26,"[0.8, -0.38]","[0.48, -0.28]","[0.37, -0.28]"
2023-09-27,"[0.8, -0.38]","[0.48, -0.28]","[0.37, -0.28]"
2023-09-28,"[0.8, -0.38]","[0.48, -0.28]","[0.37, -0.28]"
2023-09-29,"[0.8, -0.38]","[0.48, -0.28]","[0.37, -0.28]"
2023-09-30,"[0.8, -0.38]","[0.48, -0.28]","[0.37, -0.28]"
2023-10-02,"[0.81, -0.38]","[0.49, -0.29]","[0.37, -0.28]"
2023-10-03,"[0.8, -0.38]","[0.48, -0.28]","[0.37, -0.28]"
2023-10-04,"[0.8, -0.38]","[0.48, -0.28]","[0.37, -0.28]"
2023-10-05,"[0.8, -0.38]","[0.48, -0.28]","[0.37, -0.28]"
2023-10-06,"[0.81, -0.38]","[0.49, -0.28]","[0.37, -0.28]"
2023-10-10,"[0.81, -0.39]","[0.49, -0.29]","[0.37, -0.28]"
2023-10-11,"[0.81, -0.39]","[0.49, -0.29]","[0.37, -0.28]"
2023-10-12,"[0.81, -0.39]","[0.49, -0.29]","[0.37, -0.28]"
2023-10-13,"[0.81, -0.39]","[0.49, -0.29]","[0.37, -0.28]"
2023-10-16,"[0.81, -0.39]","[0.49, -0.29]","[0.37, -0.28]"
2023-10-17,"[0.81, -0.39]","[0.49, -0.29]","[0.37, -0.28]"
2023-10-18,"[0.81, -0.39]","[0.49, -0.29]","[0.37, -0.28]"
2023-10-19,"[0.81, -0.39]","[0.49, -0.29]","[0.37, -0.28]"
2023-10-20,"[0.81, -0.39]","[0.49, -0.29]","[0.37, -0.28]"
2023-10-23,"[0.81, -0.39]","[0.49, -0.29]","[0.37, -0.28]"
2023-10-24,"[0.81, -0.39]","[0.49, -0.29]","[0.37, -0.28]"
2023-10-25,"[0.81, -0.39]","[0.49, -0.29]","[0.37, -0.28]"
2023-10-26,"[0.81, -0.39]","[0.49, -0.29]","[0.37, -0.28]"
2023-10-27,"[0.81, -0.39]","[0.49, -0.29]","[0.37, -0.28]"
2023-10-30,"[0.81, -0.39]","[0.49, -0.29]","[0.37, -0.28]"
2023-10-31,"[0.81, -0.39]","[0.49, -0.29]","[0.38, -0.28]"
2023-11-01,"[0.82, -0.39]","[0.49, -0.29]","[0.38, -0.28]"
2023-11-02,"[0.81, -0.39]","[0.49, -0.29]","[0.38, -0.28]"
2023-11-03,"[0.81, -0.39]","[0.49, -0.29]","[0.38, -0.28]"
2023-11-06,"[0.81, -0.39]","[0.49, -0.29]","[0.38, -0.28]"
2023-11-07,"[0.81, -0.39]","[0.49, -0.29]","[0.38, -0.28]"
2023-11-08,"[0.81, -0.39]","[0.49, -0.29]","[0.38, -0.28]"
2023-11-09,"[0.81, -0.39]","[0.49, -0.29]","[0.38, -0.28]"
2023-11-10,"[0.81, -0.39]","[0.49, -0.29]","[0.38, -0.28]"
2023-11-13,"[0.82, -0.39]","[0.49, -0.29]","[0.38, -0.28]"
2023-11-14,"[0.82, -0.39]","[0.49, -0.29]","[0.38, -0.28]"
2023-11-15,"[0.82, -0.39]","[0.49, -0.29]","[0.38, -0.28]"
2023-11-16,"[0.82, -0.39]","[0.49, -0.29]","[0.38, -0.28]"
2023-11-17,"[0.82, -0.39]","[0.49, -0.29]","[0.38, -0.28]"
2023-11-20,"[0.82, -0.39]","[0.49, -0.29]","[0.38, -0.28]"
2023-11-21,"[0.82, -0.39]","[0.49, -0.29]","[0.38, -0.28]"
2023-11-22,"[0.82, -0.39]","[0.49, -0.29]","[0.38, -0.28]"
2023-11-23,"[0.82, -0.39]","[0.49, -0.29]","[0.38, -0.28]"
2023-11-24,"[0.82, -0.39]","[0.49, -0.29]","[0.38, -0.28]"
2023-11-27,"[0.82, -0.4]","[0.49, -0.29]","[0.38, -0.28]"
2023-11-28,"[0.82, -0.4]","[0.49, -0.29]","[0.38, -0.28]"
2023-11-29,"[0.82, -0.4]","[0.49, -0.29]","[0.38, -0.28]"
2023-11-30,"[0.82, -0.4]","[0.49, -0.29]","[0.38, -0.28]"
2023-12-01,"[0.82, -0.4]","[0.49, -0.29]","[0.38, -0.28]"
2023-12-04,"[0.83, -0.4]","[0.49, -0.29]","[0.38, -0.28]"
2023-12-05,"[0.83, -0.4]","[0.49, -0.29]","[0.38, -0.28]"
2023-12-06,"[0.82, -0.4]","[0.49, -0.29]","[0.38, -0.28]"
2023-12-07,"[0.83, -0.4]","[0.49, -0.29]","[0.38, -0.28]"
2023-12-08,"[0.83, -0.4]","[0.49, -0.29]","[0.38, -0.28]"
2023-12-11,"[0.83, -0.4]","[0.49, -0.29]","[0.38, -0.28]"
2023-12-12,"[0.83, -0.4]","[0.49, -0.29]","[0.38, -0.28]"
2023-12-13,"[0.83, -0.4]","[0.49, -0.29]","[0.38, -0.28]"
2023-12-14,"[0.83, -0.4]","[0.49, -0.29]","[0.38, -0.28]"
2023-12-15,"[0.83, -0.4]","[0.49, -0.29]","[0.38, -0.28]"
2023-12-18,"[0.83, -0.4]","[0.49, -0.29]","[0.38, -0.28]"
2023-12-19,"[0.83, -0.4]","[0.49, -0.29]","[0.38, -0.28]"
2023-12-20,"[0.83, -0.4]","[0.49, -0.29]","[0.38, -0.28]"
2023-12-21,"[0.83, -0.4]","[0.49, -0.29]","[0.38, -0.28]"
2023-12-22,"[0.83, -0.4]","[0.49, -0.29]","[0.38, -0.28]"
2023-12-25,"[0.83, -0.4]","[0.49, -0.29]","[0.38, -0.28]"
2023-12-27,"[0.84, -0.4]","[0.49, -0.29]","[0.39, -0.28]"
2023-12-28,"[0.84, -0.4]","[0.49, -0.29]","[0.39, -0.28]"
2023-12-29,"[0.83, -0.4]","[0.49, -0.29]","[0.39, -0.28]"
2023-12-31,"[0.83, -0.4]","[0.49, -0.29]","[0.39, -0.28]"
2024-01-01,"[0.83, -0.4]","[0.49, -0.29]","[0.39, -0.28]"
2024-01-02,"[0.84, -0.4]","[0.5, -0.29]","[0.39, -0.29]"
2024-01-03,"[0.84, -0.4]","[0.5, -0.29]","[0.39, -0.28]"
2024-01-04,"[0.84, -0.4]","[0.5, -0.29]","[0.39, -0.29]"
2024-01-05,"[0.84, -0.4]","[0.5, -0.29]","[0.39, -0.29]"
2024-01-08,"[0.84, -0.4]","[0.5, -0.29]","[0.39, -0.29]"
2024-01-09,"[0.84, -0.4]","[0.5, -0.29]","[0.39, -0.29]"
2024-01-10,"[0.84, -0.4]","[0.5, -0.29]","[0.39, -0.29]"
2024-01-11,"[0.84, -0.4]","[0.5, -0.29]","[0.39, -0.29]"
2024-01-12,"[0.84, -0.4]","[0.5, -0.29]","[0.39, -0.29]"
2024-01-16,"[0.84, -0.4]","[0.5, -0.29]","[0.39, -0.29]"
2024-01-17,"[0.84, -0.4]","[0.5, -0.29]","[0.39, -0.29]"
2024-01-18,"[0.84, -0.4]","[0.5, -0.29]","[0.39, -0.29]"
2024-01-19,"[0.84, -0.4]","[0.5, -0.29]","[0.39, -0.29]"
2024-01-22,"[0.85, -0.4]","[0.5, -0.29]","[0.39, -0.29]"
2024-01-23,"[0.85, -0.4]","[0.5, -0.29]","[0.39, -0.29]"
2024-01-24,"[0.85, -0.4]","[0.5, -0.29]","[0.39, -0.29]"
2024-01-25,"[0.85, -0.4]","[0.5, -0.29]","[0.39, -0.29]"
2024-01-26,"[0.85, -0.4]","[0.5, -0.29]","[0.39, -0.29]"
2024-01-29,"[0.85, -0.4]","[0.5, -0.29]","[0.39, -0.29]"
2024-01-30,"[0.85, -0.4]","[0.5, -0.29]","[0.39, -0.29]"
2024-01-31,"[0.85, -0.4]","[0.5, -0.29]","[0.39, -0.29]"
2024-02-01,"[0.85, -0.4]","[0.5, -0.29]","[0.39, -0.29]"
2024-02-02,"[0.85, -0.4]","[0.5, -0.29]","[0.39, -0.29]"
2024-02-05,"[0.85, -0.41]","[0.5, -0.29]","[0.39, -0.29]"
2024-02-06,"[0.85, -0.41]","[0.5, -0.29]","[0.39, -0.29]"
2024-02-07,"[0.85, -0.41]","[0.5, -0.29]","[0.39, -0.29]"
2024-02-08,"[0.85, -0.41]","[0.5, -0.29]","[0.39, -0.29]"
2024-02-09,"[0.85, -0.4]","[0.5, -0.29]","[0.39, -0.29]"
2024-02-12,"[0.85, -0.41]","[0.5, -0.29]","[0.39, -0.29]"
2024-02-13,"[0.85, -0.41]","[0.5, -0.29]","[0.39, -0.29]"
2024-02-14,"[0.85, -0.41]","[0.5, -0.29]","[0.39, -0.29]"
2024-02-15,"[0.85, -0.41]","[0.5, -0.29]","[0.39, -0.29]"
2024-02-16,"[0.85, -0.41]","[0.5, -0.29]","[0.39, -0.29]"
2024-02-20,"[0.86, -0.41]","[0.5, -0.29]","[0.39, -0.29]"
2024-02-21,"[0.86, -0.41]","[0.5, -0.29]","[0.39, -0.29]"
2024-02-22,"[0.86, -0.41]","[0.5, -0.29]","[0.39, -0.29]"
2024-02-23,"[0.86, -0.41]","[0.5, -0.29]","[0.39, -0.29]"
2024-02-26,"[0.86, -0.41]","[0.5, -0.29]","[0.39, -0.29]"
2024-02-27,"[0.86, -0.41]","[0.5, -0.29]","[0.39, -0.29]"
2024-02-28,"[0.86, -0.41]","[0.5, -0.29]","[0.39, -0.29]"
2024-02-29,"[0.86, -0.41]","[0.5, -0.29]","[0.39, -0.29]"
2024-03-01,"[0.86, -0.41]","[0.5, -0.29]","[0.39, -0.29]"
2024-03-04,"[0.86, -0.41]","[0.5, -0.29]","[0.39, -0.29]"
2024-03-05,"[0.86, -0.41]","[0.5, -0.29]","[0.39, -0.29]"
2024-03-06,"[0.86, -0.41]","[0.5, -0.29]","[0.39, -0.29]"
2024-03-07,"[0.86, -0.41]","[0.5, -0.29]","[0.39, -0.29]"
2024-03-08,"[0.86, -0.41]","[0.5, -0.29]","[0.39, -0.29]"
2024-03-11,"[0.86, -0.41]","[0.51, -0.29]","[0.39, -0.3]"
2024-03-12,"[0.86, -0.41]","[0.51, -0.29]","[0.39, -0.3]"
2024-03-13,"[0.86, -0.41]","[0.5, -0.29]","[0.39, -0.3]"
2024-03-14,"[0.86, -0.41]","[0.5, -0.29]","[0.39, -0.29]"
2024-03-15,"[0.86, -0.41]","[0.5, -0.29]","[0.39, -0.29]"
2024-03-18,"[0.87, -0.41]","[0.51, -0.29]","[0.39, -0.29]"
2024-03-19,"[0.87, -0.41]","[0.51, -0.29]","[0.39, -0.29]"
2024-03-20,"[0.87, -0.41]","[0.51, -0.29]","[0.39, -0.3]"
2024-03-21,"[0.87, -0.41]","[0.5, -0.29]","[0.39, -0.3]"
2024-03-22,"[0.87, -0.41]","[0.51, -0.29]","[0.39, -0.3]"
2024-03-25,"[0.86, -0.41]","[0.5, -0.29]","[0.39, -0.29]"
2024-03-26,"[0.86, -0.41]","[0.5, -0.29]","[0.39, -0.29]"
2024-03-27,"[0.86, -0.41]","[0.5, -0.29]","[0.39, -0.29]"
2024-03-28,"[0.86, -0.41]","[0.5, -0.29]","[0.39, -0.29]"
2024-03-29,"[0.86, -0.41]","[0.5, -0.29]","[0.39, -0.29]"
2024-03-31,"[0.86, -0.41]","[0.5, -0.29]","[0.39, -0.29]"
2024-04-02,"[0.86, -0.41]","[0.5, -0.29]","[0.39, -0.29]"
2024-04-03,"[0.86, -0.41]","[0.5, -0.29]","[0.39, -0.29]"
2024-04-04,"[0.87, -0.41]","[0.5, -0.29]","[0.39, -0.29]"
2024-04-05,"[0.86, -0.41]","[0.5, -0.29]","[0.39, -0.29]"
2024-04-08,"[0.86, -0.4]","[0.5, -0.28]","[0.39, -0.29]"
2024-04-09,"[0.86, -0.4]","[0.5, -0.28]","[0.39, -0.29]"
2024-04-10,"[0.86, -0.4]","[0.5, -0.28]","[0.39, -0.29]"
2024-04-11,"[0.86, -0.4]","[0.5, -0.29]","[0.39, -0.29]"
2024-04-12,"[0.87, -0.41]","[0.5, -0.29]","[0.39, -0.29]"
2024-04-15,"[0.87, -0.41]","[0.5, -0.28]","[0.39, -0.29]"
2024-04-16,"[0.87, -0.41]","[0.5, -0.28]","[0.39, -0.29]"
2024-04-17,"[0.87, -0.41]","[0.5, -0.28]","[0.39, -0.29]"
2024-04-18,"[0.87, -0.41]","[0.5, -0.29]","[0.39, -0.29]"
2024-04-19,"[0.87, -0.41]","[0.5, -0.28]","[0.39, -0.29]"
2024-04-22,"[0.87, -0.41]","[0.5, -0.29]","[0.39, -0.29]"
2024-04-23,"[0.87, -0.41]","[0.5, -0.29]","[0.39, -0.29]"
2024-04-24,"[0.87, -0.41]","[0.5, -0.28]","[0.39, -0.29]"
2024-04-25,"[0.87, -0.41]","[0.5, -0.28]","[0.39, -0.29]"
2024-04-26,"[0.87, -0.41]","[0.5, -0.28]","[0.39, -0.29]"
2024-04-29,"[0.87, -0.41]","[0.5, -0.28]","[0.39, -0.29]"
2024-04-30,"[0.87, -0.4]","[0.49, -0.28]","[0.39, -0.29]"
2024-05-01,"[0.87, -0.4]","[0.49, -0.28]","[0.39, -0.29]"
2024-05-02,"[0.87, -0.41]","[0.5, -0.28]","[0.39, -0.3]"
2024-05-03,"[0.87, -0.41]","[0.5, -0.28]","[0.39, -0.29]"
2024-05-07,"[0.87, -0.4]","[0.5, -0.28]","[0.39, -0.29]"
2024-05-08,"[0.87, -0.4]","[0.5, -0.28]","[0.39, -0.29]"
2024-05-09,"[0.87, -0.4]","[0.5, -0.28]","[0.39, -0.29]"
2024-05-10,"[0.87, -0.4]","[0.5, -0.28]","[0.39, -0.29]"
2024-05-13,"[0.87, -0.4]","[0.49, -0.28]","[0.39, -0.29]"
2024-05-14,"[0.87, -0.4]","[0.49, -0.28]","[0.39, -0.29]"
2024-05-15,"[0.87, -0.4]","[0.49, -0.28]","[0.39, -0.29]"
2024-05-16,"[0.87, -0.4]","[0.49, -0.28]","[0.39, -0.29]"
2024-05-17,"[0.87, -0.4]","[0.49, -0.28]","[0.39, -0.29]"
2024-05-20,"[0.87, -0.4]","[0.49, -0.28]","[0.39, -0.29]"
2024-05-21,"[0.87, -0.4]","[0.49, -0.28]","[0.39, -0.29]"
2024-05-22,"[0.87, -0.4]","[0.49, -0.28]","[0.39, -0.29]"
2024-05-23,"[0.87, -0.4]","[0.49, -0.28]","[0.39, -0.29]"
2024-05-24,"[0.87, -0.4]","[0.49, -0.28]","[0.39, -0.29]"
2024-05-27,"[0.87, -0.4]","[0.49, -0.28]","[0.39, -0.29]"
2024-05-28,"[0.87, -0.4]","[0.49, -0.28]","[0.39, -0.29]"
2024-05-29,"[0.87, -0.4]","[0.49, -0.28]","[0.39, -0.29]"
2024-05-30,"[0.87, -0.4]","[0.49, -0.28]","[0.39, -0.29]"
2024-05-31,"[0.87, -0.4]","[0.49, -0.28]","[0.39, -0.29]"
2024-06-03,"[0.87, -0.4]","[0.49, -0.28]","[0.39, -0.29]"
2024-06-04,"[0.87, -0.4]","[0.49, -0.28]","[0.39, -0.29]"
2024-06-05,"[0.87, -0.4]","[0.49, -0.28]","[0.39, -0.29]"
2024-06-06,"[0.87, -0.39]","[0.49, -0.28]","[0.39, -0.29]"
2024-06-07,"[0.87, -0.4]","[0.49, -0.28]","[0.39, -0.29]"
2024-06-10,"[0.87, -0.39]","[0.49, -0.28]","[0.39, -0.29]"
2024-06-11,"[0.87, -0.39]","[0.49, -0.28]","[0.39, -0.29]"
2024-06-12,"[0.87, -0.39]","[0.49, -0.28]","[0.39, -0.29]"
2024-06-13,"[0.87, -0.39]","[0.49, -0.28]","[0.39, -0.29]"
2024-06-14,"[0.87, -0.39]","[0.49, -0.28]","[0.39, -0.29]"
2024-06-17,"[0.87, -0.39]","[0.49, -0.28]","[0.39, -0.29]"
2024-06-18,"[0.87, -0.39]","[0.49, -0.28]","[0.39, -0.29]"
2024-06-19,"[0.87, -0.39]","[0.49, -0.28]","[0.39, -0.29]"
2024-06-20,"[0.87, -0.39]","[0.49, -0.28]","[0.39, -0.29]"
2024-06-21,"[0.87, -0.39]","[0.49, -0.28]","[0.39, -0.29]"
2024-06-24,"[0.87, -0.39]","[0.48, -0.28]","[0.39, -0.29]"
2024-06-25,"[0.87, -0.39]","[0.48, -0.28]","[0.39, -0.29]"
2024-06-26,"[0.87, -0.39]","[0.48, -0.28]","[0.39, -0.29]"
2024-06-27,"[0.87, -0.39]","[0.48, -0.28]","[0.39, -0.29]"
2024-06-28,"[0.87, -0.39]","[0.48, -0.28]","[0.39, -0.29]"
2024-06-30,"[0.87, -0.39]","[0.48, -0.28]","[0.39, -0.29]"
2024-07-01,"[0.87, -0.39]","[0.48, -0.28]","[0.39, -0.29]"
2024-07-02,"[0.87, -0.39]","[0.48, -0.28]","[0.39, -0.29]"
2024-07-03,"[0.87, -0.39]","[0.48, -0.28]","[0.39, -0.29]"
2024-07-04,"[0.87, -0.39]","[0.48, -0.28]","[0.39, -0.29]"
2024-07-05,"[0.87, -0.39]","[0.48, -0.28]","[0.39, -0.29]"
2024-07-08,"[0.87, -0.38]","[0.48, -0.28]","[0.38, -0.29]"
2024-07-09,"[0.87, -0.38]","[0.48, -0.28]","[0.38, -0.29]"
2024-07-10,"[0.87, -0.38]","[0.48, -0.28]","[0.38, -0.29]"
2024-07-11,"[0.87, -0.38]","[0.48, -0.28]","[0.38, -0.29]"
2024-07-12,"[0.87, -0.38]","[0.48, -0.28]","[0.38, -0.29]"
2024-07-15,"[0.87, -0.38]","[0.48, -0.28]","[0.38, -0.29]"
2024-07-16,"[0.87, -0.38]","[0.48, -0.28]","[0.38, -0.29]"
2024-07-17,"[0.87, -0.38]","[0.48, -0.28]","[0.38, -0.29]"
2024-07-18,"[0.87, -0.38]","[0.48, -0.28]","[0.38, -0.29]"
2024-07-19,"[0.87, -0.38]","[0.48, -0.28]","[0.38, -0.29]"
2024-07-22,"[0.87, -0.38]","[0.48, -0.28]","[0.38, -0.29]"
2024-07-23,"[0.87, -0.38]","[0.48, -0.28]","[0.38, -0.29]"
2024-07-24,"[0.87, -0.38]","[0.48, -0.28]","[0.38, -0.29]"
2024-07-25,"[0.87, -0.38]","[0.48, -0.28]","[0.38, -0.29]"
2024-07-26,"[0.87, -0.38]","[0.48, -0.28]","[0.38, -0.29]"
2024-07-29,"[0.87, -0.38]","[0.48, -0.28]","[0.38, -0.29]"
2024-07-30,"[0.87, -0.38]","[0.48, -0.28]","[0.38, -0.29]"
2024-07-31,"[0.88, -0.38]","[0.48, -0.28]","[0.38, -0.29]"
2024-08-01,"[0.88, -0.38]","[0.48, -0.28]","[0.38, -0.29]"
2024-08-02,"[0.87, -0.38]","[0.48, -0.28]","[0.38, -0.29]"
2024-08-05,"[0.87, -0.37]","[0.48, -0.28]","[0.38, -0.29]"
2024-08-06,"[0.87, -0.37]","[0.48, -0.28]","[0.38, -0.29]"
2024-08-07,"[0.87, -0.37]","[0.48, -0.28]","[0.38, -0.29]"
2024-08-08,"[0.87, -0.37]","[0.48, -0.28]","[0.38, -0.29]"
2024-08-09,"[0.87, -0.37]","[0.48, -0.28]","[0.38, -0.29]"
2024-08-12,"[0.86, -0.37]","[0.48, -0.28]","[0.38, -0.29]"
2024-08-13,"[0.87, -0.37]","[0.48, -0.28]","[0.38, -0.29]"
2024-08-14,"[0.87, -0.37]","[0.48, -0.28]","[0.38, -0.29]"
2024-08-15,"[0.87, -0.37]","[0.48, -0.28]","[0.38, -0.29]"
2024-08-16,"[0.87, -0.37]","[0.48, -0.28]","[0.38, -0.29]"
2024-08-19,"[0.87, -0.37]","[0.48, -0.28]","[0.38, -0.29]"
2024-08-20,"[0.87, -0.37]","[0.48, -0.28]","[0.38, -0.29]"
2024-08-21,"[0.87, -0.37]","[0.48, -0.28]","[0.38, -0.29]"
2024-08-22,"[0.87, -0.37]","[0.48, -0.28]","[0.38, -0.29]"
2024-08-23,"[0.87, -0.37]","[0.48, -0.28]","[0.38, -0.29]"
2024-08-27,"[0.87, -0.37]","[0.48, -0.28]","[0.38, -0.29]"
2024-08-28,"[0.87, -0.37]","[0.48, -0.28]","[0.38, -0.29]"
2024-08-29,"[0.87, -0.37]","[0.48, -0.28]","[0.38, -0.29]"
2024-08-30,"[0.87, -0.37]","[0.48, -0.28]","[0.38, -0.29]"
2024-08-31,"[0.87, -0.37]","[0.48, -0.28]","[0.38, -0.29]"
2024-09-03,"[0.87, -0.37]","[0.48, -0.28]","[0.38, -0.29]"
2024-09-04,"[0.87, -0.37]","[0.48, -0.28]","[0.38, -0.29]"
2024-09-05,"[0.87, -0.37]","[0.48, -0.28]","[0.38, -0.29]"
2024-09-06,"[0.87, -0.37]","[0.48, -0.28]","[0.38, -0.29]"
2024-09-09,"[0.87, -0.37]","[0.47, -0.28]","[0.38, -0.29]"
2024-09-10,"[0.87, -0.37]","[0.47, -0.28]","[0.38, -0.29]"
2024-09-11,"[0.87, -0.37]","[0.47, -0.28]","[0.38, -0.29]"
2024-09-12,"[0.87, -0.37]","[0.47, -0.28]","[0.38, -0.29]"
2024-09-13,"[0.87, -0.37]","[0.47, -0.28]","[0.38, -0.29]"
2024-09-16,"[0.87, -0.37]","[0.47, -0.28]","[0.38, -0.29]"
2024-09-17,"[0.87, -0.37]","[0.47, -0.28]","[0.38, -0.29]"
2024-09-18,"[0.87, -0.37]","[0.47, -0.28]","[0.38, -0.29]"
2024-09-19,"[0.87, -0.37]","[0.47, -0.28]","[0.38, -0.29]"
2024-09-20,"[0.87, -0.37]","[0.47, -0.28]","[0.38, -0.29]"
2024-09-23,"[0.87, -0.37]","[0.47, -0.28]","[0.38, -0.29]"
2024-09-24,"[0.87, -0.37]","[0.47, -0.28]","[0.38, -0.29]"
2024-09-25,"[0.87, -0.37]","[0.47, -0.28]","[0.38, -0.29]"
2024-09-26,"[0.87, -0.37]","[0.47, -0.28]","[0.38, -0.29]"
2024-09-27,"[0.87, -0.37]","[0.47, -0.28]","[0.38, -0.29]"
2024-09-30,"[0.87, -0.37]","[0.47, -0.28]","[0.38, -0.29]"
2024-10-01,"[0.87, -0.37]","[0.47, -0.28]","[0.38, -0.29]"
2024-10-02,"[0.87, -0.37]","[0.47, -0.28]","[0.38, -0.29]"
2024-10-03,"[0.87, -0.37]","[0.47, -0.28]","[0.38, -0.29]"
2024-10-04,"[0.87, -0.37]","[0.47, -0.28]","[0.38, -0.29]"
2024-10-07,"[0.87, -0.37]","[0.47, -0.28]","[0.38, -0.29]"
2024-10-08,"[0.87, -0.37]","[0.47, -0.28]","[0.38, -0.29]"
2024-10-09,"[0.87, -0.37]","[0.47, -0.28]","[0.38, -0.29]"
2024-10-10,"[0.87, -0.37]","[0.47, -0.28]","[0.38, -0.29]"
2024-10-11,"[0.87, -0.37]","[0.47, -0.28]","[0.38, -0.29]"
2024-10-14,"[0.87, -0.36]","[0.47, -0.28]","[0.38, -0.29]"
2024-10-15,"[0.87, -0.36]","[0.47, -0.28]","[0.38, -0.29]"
2024-10-16,"[0.87, -0.36]","[0.47, -0.28]","[0.38, -0.29]"
2024-10-17,"[0.87, -0.36]","[0.47, -0.28]","[0.38, -0.29]"
2024-10-18,"[0.87, -0.36]","[0.47, -0.28]","[0.38, -0.29]"
2024-10-21,"[0.87, -0.36]","[0.46, -0.28]","[0.38, -0.29]"
2024-10-22,"[0.87, -0.36]","[0.46, -0.28]","[0.38, -0.29]"
2024-10-23,"[0.87, -0.36]","[0.46, -0.28]","[0.38, -0.29]"
2024-10-24,"[0.87, -0.36]","[0.46, -0.28]","[0.38, -0.29]"
2024-10-25,"[0.87, -0.36]","[0.46, -0.28]","[0.38, -0.29]"
2024-10-28,"[0.87, -0.36]","[0.46, -0.28]","[0.38, -0.29]"
2024-10-29,"[0.87, -0.36]","[0.46, -0.28]","[0.38, -0.29]"
2024-10-30,"[0.87, -0.36]","[0.46, -0.28]","[0.38, -0.29]"
2024-10-31,"[0.87, -0.36]","[0.46, -0.28]","[0.38, -0.29]"
2024-11-01,"[0.87, -0.36]","[0.46, -0.28]","[0.38, -0.29]"
2024-11-04,"[0.86, -0.36]","[0.46, -0.28]","[0.38, -0.29]"
2024-11-05,"[0.87, -0.36]","[0.46, -0.28]","[0.38, -0.29]"
2024-11-06,"[0.87, -0.36]","[0.46, -0.28]","[0.38, -0.29]"
2024-11-07,"[0.87, -0.36]","[0.46, -0.28]","[0.38, -0.29]"
2024-11-08,"[0.87, -0.36]","[0.46, -0.28]","[0.38, -0.29]"
2024-11-11,"[0.87, -0.36]","[0.46, -0.28]","[0.38, -0.29]"
2024-11-12,"[0.87, -0.36]","[0.46, -0.28]","[0.38, -0.29]"
2024-11-13,"[0.87, -0.36]","[0.46, -0.28]","[0.38, -0.29]"
2024-11-14,"[0.87, -0.36]","[0.46, -0.28]","[0.38, -0.29]"
2024-11-15,"[0.87, -0.36]","[0.46, -0.28]","[0.38, -0.29]"
2024-11-18,"[0.87, -0.36]","[0.46, -0.28]","[0.38, -0.29]"
2024-11-19,"[0.87, -0.36]","[0.46, -0.28]","[0.38, -0.29]"
2024-11-20,"[0.87, -0.36]","[0.46, -0.28]","[0.38, -0.29]"
2024-11-21,"[0.87, -0.36]","[0.46, -0.28]","[0.38, -0.29]"
2024-11-22,"[0.87, -0.36]","[0.46, -0.28]","[0.38, -0.29]"
2024-11-25,"[0.87, -0.36]","[0.46, -0.28]","[0.38, -0.29]"
2024-11-26,"[0.87, -0.36]","[0.46, -0.28]","[0.38, -0.29]"
2024-11-27,"[0.87, -0.36]","[0.46, -0.28]","[0.38, -0.29]"
2024-11-28,"[0.87, -0.36]","[0.46, -0.28]","[0.38, -0.29]"
2024-11-29,"[0.87, -0.36]","[0.46, -0.28]","[0.38, -0.29]"
2024-11-30,"[0.87, -0.36]","[0.46, -0.28]","[0.38, -0.29]"
2024-12-02,"[0.87, -0.36]","[0.45, -0.28]","[0.38, -0.29]"
2024-12-03,"[0.87, -0.36]","[0.46, -0.28]","[0.38, -0.29]"
2024-12-04,"[0.87, -0.36]","[0.46, -0.28]","[0.38, -0.29]"
2024-12-05,"[0.87, -0.36]","[0.46, -0.28]","[0.38, -0.29]"
2024-12-06,"[0.87, -0.36]","[0.46, -0.28]","[0.38, -0.29]"
2024-12-09,"[0.87, -0.35]","[0.45, -0.28]","[0.38, -0.29]"
2024-12-10,"[0.87, -0.35]","[0.45, -0.28]","[0.38, -0.29]"
2024-12-11,"[0.87, -0.35]","[0.45, -0.28]","[0.38, -0.29]"
2024-12-12,"[0.87, -0.35]","[0.45, -0.28]","[0.38, -0.29]"
2024-12-13,"[0.87, -0.35]","[0.45, -0.28]","[0.38, -0.29]"
2024-12-16,"[0.87, -0.35]","[0.45, -0.28]","[0.38, -0.29]"
2024-12-17,"[0.87, -0.35]","[0.45, -0.28]","[0.38, -0.29]"
2024-12-18,"[0.87, -0.35]","[0.45, -0.28]","[0.38, -0.29]"
2024-12-19,"[0.87, -0.35]","[0.45, -0.28]","[0.38, -0.29]"
2024-12-20,"[0.87, -0.35]","[0.45, -0.28]","[0.38, -0.29]"
2024-12-23,"[0.87, -0.35]","[0.45, -0.27]","[0.38, -0.29]"
2024-12-24,"[0.87, -0.35]","[0.45, -0.27]","[0.38, -0.29]"
2024-12-25,"[0.87, -0.35]","[0.45, -0.27]","[0.38, -0.29]"
2024-12-26,"[0.87, -0.35]","[0.45, -0.27]","[0.38, -0.29]"
2024-12-27,"[0.87, -0.35]","[0.45, -0.27]","[0.38, -0.29]"
2024-12-30,"[0.87, -0.35]","[0.44, -0.27]","[0.38, -0.29]"
2024-12-31,"[0.87, -0.35]","[0.44, -0.27]","[0.38, -0.29]"
2025-01-01,"[0.87, -0.35]","[0.44, -0.27]","[0.38, -0.29]"
2025-01-02,"[0.87, -0.35]","[0.45, -0.27]","[0.37, -0.29]"
2025-01-03,"[0.87, -0.35]","[0.45, -0.27]","[0.37, -0.29]"
2025-01-06,"[0.88, -0.35]","[0.44, -0.27]","[0.37, -0.29]"
2025-01-07,"[0.88, -0.36]","[0.44, -0.27]","[0.37, -0.29]"
2025-01-08,"[0.88, -0.36]","[0.44, -0.27]","[0.37, -0.29]"
2025-01-09,"[0.88, -0.36]","[0.44, -0.27]","[0.37, -0.29]"
2025-01-10,"[0.88, -0.36]","[0.44, -0.27]","[0.37, -0.29]"
2025-01-13,"[0.88, -0.36]","[0.44, -0.27]","[0.37, -0.28]"
2025-01-14,"[0.88, -0.36]","[0.44, -0.27]","[0.37, -0.28]"
2025-01-15,"[0.88, -0.36]","[0.44, -0.27]","[0.37, -0.29]"
2025-01-16,"[0.88, -0.36]","[0.44, -0.27]","[0.37, -0.28]"
2025-01-17,"[0.88, -0.36]","[0.44, -0.27]","[0.37, -0.29]"
2025-01-21,"[0.88, -0.36]","[0.44, -0.27]","[0.37, -0.28]"
2025-01-22,"[0.88, -0.36]","[0.44, -0.27]","[0.37, -0.28]"
2025-01-23,"[0.88, -0.36]","[0.44, -0.27]","[0.37, -0.28]"
2025-01-24,"[0.88, -0.36]","[0.44, -0.27]","[0.37, -0.28]"
2025-01-27,"[0.89, -0.35]","[0.44, -0.27]","[0.37, -0.28]"
2025-01-28,"[0.88, -0.35]","[0.44, -0.27]","[0.37, -0.28]"
2025-01-29,"[0.88, -0.35]","[0.44, -0.27]","[0.37, -0.28]"
2025-01-30,"[0.89, -0.35]","[0.44, -0.27]","[0.37, -0.28]"
2025-01-31,"[0.88, -0.35]","[0.44, -0.27]","[0.37, -0.28]"
2025-02-03,"[0.88, -0.35]","[0.43, -0.27]","[0.37, -0.28]"
2025-02-04,"[0.89, -0.35]","[0.43, -0.27]","[0.37, -0.28]"
2025-02-05,"[0.89, -0.35]","[0.43, -0.27]","[0.37, -0.28]"
2025-02-06,"[0.89, -0.35]","[0.43, -0.27]","[0.37, -0.28]"
2025-02-07,"[0.88, -0.35]","[0.43, -0.27]","[0.37, -0.28]"
2025-02-10,"[0.89, -0.35]","[0.43, -0.27]","[0.37, -0.28]"
2025-02-11,"[0.89, -0.35]","[0.43, -0.27]","[0.37, -0.28]"
2025-02-12,"[0.89, -0.35]","[0.43, -0.27]","[0.37, -0.28]"
2025-02-13,"[0.89, -0.35]","[0.43, -0.27]","[0.37, -0.28]"
2025-02-14,"[0.89, -0.35]","[0.43, -0.27]","[0.37, -0.28]"
2025-02-18,"[0.89, -0.35]","[0.43, -0.27]","[0.37, -0.28]"
2025-02-19,"[0.89, -0.35]","[0.43, -0.27]","[0.37, -0.28]"
2025-02-20,"[0.89, -0.35]","[0.43, -0.27]","[0.37, -0.28]"
2025-02-21,"[0.89, -0.35]","[0.43, -0.27]","[0.37, -0.28]"
2025-02-24,"[0.89, -0.35]","[0.43, -0.27]","[0.37, -0.28]"
2025-02-25,"[0.89, -0.35]","[0.43, -0.27]","[0.37, -0.28]"
2025-02-26,"[0.89, -0.35]","[0.43, -0.27]","[0.37, -0.28]"
2025-02-27,"[0.89, -0.35]","[0.43, -0.27]","[0.37, -0.28]"
2025-02-28,"[0.89, -0.35]","[0.43, -0.27]","[0.37, -0.28]"
2025-03-03,"[0.9, -0.35]","[0.43, -0.27]","[0.37, -0.28]"
2025-03-04,"[0.9, -0.35]","[0.43, -0.27]","[0.37, -0.28]"
2025-03-05,"[0.9, -0.35]","[0.43, -0.27]","[0.37, -0.28]"
2025-03-06,"[0.9, -0.35]","[0.43, -0.27]","[0.37, -0.28]"
2025-03-07,"[0.9, -0.35]","[0.43, -0.27]","[0.37, -0.28]"
2025-03-10,"[0.9, -0.35]","[0.43, -0.27]","[0.37, -0.28]"
2025-03-11,"[0.9, -0.35]","[0.43, -0.27]","[0.37, -0.28]"
2025-03-12,"[0.9, -0.35]","[0.43, -0.27]","[0.37, -0.28]"
2025-03-13,"[0.89, -0.34]","[0.43, -0.27]","[0.37, -0.28]"
2025-03-14,"[0.9, -0.35]","[0.43, -0.27]","[0.37, -0.28]"
2025-03-17,"[0.9, -0.35]","[0.43, -0.27]","[0.37, -0.28]"
2025-03-18,"[0.9, -0.35]","[0.43, -0.27]","[0.37, -0.28]"
2025-03-19,"[0.9, -0.34]","[0.43, -0.27]","[0.37, -0.28]"
2025-03-20,"[0.9, -0.35]","[0.43, -0.27]","[0.37, -0.28]"
2025-03-21,"[0.9, -0.35]","[0.43, -0.27]","[0.37, -0.28]"
2025-03-24,"[0.9, -0.34]","[0.43, -0.27]","[0.36, -0.28]"
2025-03-25,"[0.9, -0.34]","[0.43, -0.27]","[0.36, -0.28]"
2025-03-26,"[0.91, -0.34]","[0.43, -0.27]","[0.37, -0.28]"
2025-03-27,"[0.91, -0.35]","[0.43, -0.27]","[0.36, -0.28]"
2025-03-28,"[0.9, -0.34]","[0.43, -0.26]","[0.37, -0.28]"
2025-03-31,"[0.91, -0.34]","[0.43, -0.27]","[0.37, -0.28]"
2025-04-01,"[0.9, -0.34]","[0.43, -0.26]","[0.37, -0.28]"
2025-04-02,"[0.9, -0.34]","[0.43, -0.26]","[0.36, -0.27]"
2025-04-03,"[0.91, -0.35]","[0.43, -0.27]","[0.37, -0.28]"
2025-04-04,"[0.9, -0.34]","[0.43, -0.27]","[0.37, -0.28]"
2025-04-07,"[0.9, -0.34]","[0.43, -0.27]","[0.37, -0.28]"
2025-04-08,"[0.9, -0.34]","[0.43, -0.27]","[0.36, -0.27]"
2025-04-09,"[0.89, -0.33]","[0.42, -0.26]","[0.37, -0.28]"
2025-04-10,"[0.9, -0.34]","[0.43, -0.27]","[0.37, -0.28]"
2025-04-11,"[0.9, -0.34]","[0.43, -0.26]","[0.37, -0.28]"
2025-04-14,"[0.9, -0.33]","[0.43, -0.26]","[0.37, -0.28]"
2025-04-15,"[0.9, -0.33]","[0.43, -0.26]","[0.37, -0.28]"
2025-04-16,"[0.9, -0.33]","[0.43, -0.26]","[0.37, -0.28]"
2025-04-17,"[0.9, -0.33]","[0.43, -0.26]","[0.37, -0.28]"
2025-04-18,"[0.9, -0.33]","[0.43, -0.26]","[0.37, -0.28]"
2025-04-22,"[0.9, -0.33]","[0.43, -0.26]","[0.37, -0.28]"
2025-04-23,"[0.9, -0.33]","[0.43, -0.26]","[0.37, -0.28]"
2025-04-24,"[0.9, -0.33]","[0.43, -0.26]","[0.37, -0.28]"
2025-04-25,"[0.9, -0.33]","[0.43, -0.26]","[0.37, -0.28]"
2025-04-28,"[0.9, -0.33]","[0.42, -0.26]","[0.37, -0.28]"
2025-04-29,"[0.9, -0.33]","[0.42, -0.26]","[0.37, -0.28]"
2025-04-30,"[0.89, -0.33]","[0.42, -0.26]","[0.37, -0.28]"
2025-05-01,"[0.9, -0.33]","[0.42, -0.26]","[0.37, -0.28]"
2025-05-02,"[0.9, -0.33]","[0.42, -0.26]","[0.37, -0.28]"
2025-05-06,"[0.9, -0.33]","[0.42, -0.26]","[0.37, -0.28]"
2025-05-07,"[0.9, -0.33]","[0.42, -0.26]","[0.37, -0.28]"
2025-05-08,"[0.9, -0.33]","[0.42, -0.26]","[0.37, -0.28]"
2025-05-09,"[0.9, -0.33]","[0.42, -0.26]","[0.37, -0.28]"
2025-05-12,"[0.9, -0.33]","[0.43, -0.26]","[0.37, -0.28]"
2025-05-13,"[0.9, -0.33]","[0.43, -0.26]","[0.37, -0.28]"
2025-05-14,"[0.9, -0.33]","[0.43, -0.26]","[0.37, -0.28]"
2025-05-15,"[0.9, -0.33]","[0.43, -0.26]","[0.37, -0.28]"
2025-05-16,"[0.9, -0.33]","[0.43, -0.26]","[0.37, -0.28]"
2025-05-19,"[0.9, -0.33]","[0.43, -0.26]","[0.37, -0.28]"
2025-05-20,"[0.9, -0.33]","[0.43, -0.26]","[0.37, -0.28]"
2025-05-21,"[0.9, -0.33]","[0.43, -0.26]","[0.37, -0.28]"
2025-05-22,"[0.9, -0.33]","[0.43, -0.26]","[0.37, -0.28]"
2025-05-23,"[0.9, -0.33]","[0.43, -0.26]","[0.37, -0.28]"
2025-05-26,"[0.9, -0.33]","[0.43, -0.26]","[0.37, -0.28]"
2025-05-27,"[0.9, -0.33]","[0.43, -0.26]","[0.37, -0.28]"
2025-05-28,"[0.9, -0.33]","[0.43, -0.26]","[0.37, -0.28]"
2025-05-29,"[0.9, -0.33]","[0.42, -0.26]","[0.37, -0.28]"
2025-05-30,"[0.9, -0.33]","[0.42, -0.26]","[0.37, -0.28]"
2025-05-31,"[0.9, -0.33]","[0.42, -0.26]","[0.37, -0.28]"
2025-06-01,"[0.9, -0.33]","[0.42, -0.26]","[0.37, -0.28]"
2025-06-02,"[0.9, -0.32]","[0.43, -0.26]","[0.37, -0.28]"
2025-06-03,"[0.9, -0.32]","[0.42, -0.26]","[0.37, -0.28]"
2025-06-04,"[0.9, -0.32]","[0.42, -0.26]","[0.37, -0.28]"
2025-06-05,"[0.9, -0.32]","[0.42, -0.26]","[0.37, -0.28]"
2025-06-06,"[0.9, -0.32]","[0.42, -0.26]","[0.37, -0.28]"
2025-06-07,"[0.9, -0.32]","[0.42, -0.26]","[0.37, -0.28]"
2025-06-08,"[0.9, -0.32]","[0.42, -0.26]","[0.37, -0.28]"
2025-06-09,"[0.9, -0.32]","[0.42, -0.26]","[0.37, -0.28]"
2025-06-10,"[0.9, -0.32]","[0.42, -0.26]","[0.37, -0.28]"
2025-06-11,"[0.9, -0.32]","[0.42, -0.26]","[0.37, -0.28]"
2025-06-12,"[0.9, -0.32]","[0.42, -0.26]","[0.37, -0.28]"
2025-06-13,"[0.9, -0.32]","[0.42, -0.26]","[0.37, -0.28]"
